2026-08-10T17:01:38.313726Z [info     ] Starting dev persistence flush loop [langgraph_runtime_inmem._persistence] api_variant=local_dev langgraph_api_version=0.12.2 thread_name=MainThread
2026-08-10T17:01:38.345433Z [info     ] Using langgraph_runtime_inmem  [langgraph_runtime] api_variant=local_dev langgraph_api_version=0.12.2 thread_name=MainThread
2026-08-10T17:01:38.474185Z [info     ] Using auth of type=noop        [langgraph_api.auth.middleware] api_variant=local_dev langgraph_api_version=0.12.2 thread_name=MainThread
2026-08-10T17:01:38.504038Z [info     ] Starting In-Memory runtime with langgraph-api=0.12.2 and in-memory runtime=0.32.2 [langgraph_runtime_inmem.lifespan] api_variant=local_dev langgraph_api_version=0.12.2 langgraph_runtime_inmem_version=0.32.2 thread_name=asyncio_0 version=0.12.2
2026-08-10T17:01:38.875096Z [info     ] OTel metrics reporter initialized [langgraph_api.metrics_otlp] api_variant=local_dev backends=['prometheus'] langgraph_api_version=0.12.2 max_emitting_tier=2 metric_prefix=lg_api_ thread_name=MainThread
2026-08-10T17:01:38.879391Z [info     ] Starting metadata loop         [langgraph_api.metadata] api_variant=local_dev endpoint=https://api.smith.langchain.com/v1/metadata/submit langgraph_api_version=0.12.2 thread_name=MainThread
2026-08-10T17:01:38.918530Z [info     ] Importing graph profiling      [langgraph_api.timing.timer] api_variant=local_dev elapsed_seconds=0.03916179994121194 graph_id=test_case_pipeline langgraph_api_version=0.12.2 module=None name=_graph_from_spec path=./app/graph/build_graph.py thread_name=asyncio_0
2026-08-10T17:01:38.935483Z [info     ] Getting auth instance: None    [langgraph_api.auth.custom] api_variant=local_dev langgraph_api_version=0.12.2 langgraph_auth=None thread_name=MainThread
2026-08-10T17:01:38.949323Z [info     ] Starting OTLP metrics collector loop [langgraph_api.metrics_collector] api_variant=local_dev interval_secs=60 langgraph_api_version=0.12.2 thread_name=asyncio_0
2026-08-10T17:01:38.965148Z [info     ] Application started up in 1.432s [langgraph_api.timing.timer] api_variant=local_dev elapsed=1.4320516999578103 langgraph_api_version=0.12.2 thread_name=MainThread
2026-08-10T17:01:39.049651Z [info     ] Starting cron scheduler        [langgraph_api.cron_scheduler] api_variant=local_dev langgraph_api_version=0.12.2 thread_name=MainThread
2026-08-10T17:01:39.049823Z [info     ] Starting queue with shared loop [langgraph_runtime_inmem.queue] api_variant=local_dev langgraph_api_version=0.12.2 thread_name=asyncio_0
2026-08-10T17:01:39.052271Z [info     ] Worker stats                   [langgraph_api.metrics_collector] active=0 api_variant=local_dev available=1 langgraph_api_version=0.12.2 max=1 thread_name=asyncio_1
2026-08-10T17:01:39.055041Z [info     ] Starting 1 background workers  [langgraph_runtime_inmem.queue] api_variant=local_dev langgraph_api_version=0.12.2 thread_name=asyncio_0
2026-08-10T17:01:39.059526Z [info     ] Worker stats                   [langgraph_runtime_inmem.queue] active=0 api_variant=local_dev available=1 langgraph_api_version=0.12.2 max=1 thread_name=asyncio_1
2026-08-10T17:01:39.217168Z [warning  ] GET /favicon.ico 404 0ms       [langgraph_api.server] api_variant=local_dev error_detail=None langgraph_api_version=0.12.2 latency_ms=0 method=GET path=/favicon.ico path_params={} proto=1.1 query_string= req_header={} res_header={} response_size_bytes=22 route=None run_id=None status=404 thread_name=MainThread ttfb_ms=0.22
2026-08-10T17:01:39.393066Z [info     ] HTTP Request: POST https://api.smith.langchain.com/v1/metadata/submit "HTTP/1.1 204 No Content" [httpx] api_variant=local_dev langgraph_api_version=0.12.2 thread_name=MainThread
2026-08-10T17:01:39.399907Z [info     ] Successfully submitted metadata to LangSmith instance [langgraph_api.metadata] api_variant=local_dev langgraph_api_version=0.12.2 n_nodes=0 n_runs=0 thread_name=MainThread
2026-08-10T17:01:39.569425Z [info     ] Queue stats                    [langgraph_runtime_inmem.queue] api_variant=local_dev langgraph_api_version=0.12.2 n_pending=0 n_running=0 pending_runs_wait_time_max_secs=None pending_runs_wait_time_med_secs=None pending_unblocked_runs_wait_time_max_secs=None thread_name=asyncio_0
2026-08-10T17:01:39.915637Z [info     ] 2 changes detected             [watchfiles.main] api_variant=local_dev langgraph_api_version=0.12.2 thread_name=MainThread
2026-08-10T17:01:41.029125Z [warning  ] Failed to get info from https://api.smith.langchain.com: LangSmithConnectionError('Connection error caused failure to GET /info in LangSmith API. Please confirm your internet connection. SSLError(MaxRetryError("HTTPSConnectionPool(host=\'api.smith.langchain.com\', port=443): Max retries exceeded with url: /info (Caused by SSLError(SSLCertVerificationError(1, \'[SSL: CERTIFICATE_VERIFY_FAILED] certificate verify failed: unable to get local issuer certificate (_ssl.c:1028)\')))"))\nContent-Length: None\nAPI Key: lsv2_********************************************48') [langsmith.client] api_variant=local_dev langgraph_api_version=0.12.2 thread_name='Thread-2 (tracing_control_thread_func)'
2026-08-10T17:01:41.036247Z [warning  ] Run compression is not enabled. Please update to the latest version of LangSmith. Falling back to regular multipart ingestion. [langsmith.client] api_variant=local_dev langgraph_api_version=0.12.2 thread_name='Thread-2 (tracing_control_thread_func)'
2026-08-10T17:01:48.393229Z [info     ] 4 changes detected             [watchfiles.main] api_variant=local_dev langgraph_api_version=0.12.2 thread_name=MainThread
2026-08-10T17:01:54.943044Z [info     ] 2 changes detected             [watchfiles.main] api_variant=local_dev langgraph_api_version=0.12.2 thread_name=MainThread
2026-08-10T17:01:58.435586Z [info     ] 4 changes detected             [watchfiles.main] api_variant=local_dev langgraph_api_version=0.12.2 thread_name=MainThread
2026-08-10T17:02:08.422139Z [info     ] 4 changes detected             [watchfiles.main] api_variant=local_dev langgraph_api_version=0.12.2 thread_name=MainThread
2026-08-10T17:02:09.002867Z [warning  ] GET /v1/metrics 404 1ms        [langgraph_api.server] api_variant=local_dev error_detail=None langgraph_api_version=0.12.2 latency_ms=1 method=GET path=/v1/metrics path_params={} proto=1.1 query_string= req_header={} res_header={} response_size_bytes=22 route=None run_id=None status=404 thread_name=MainThread ttfb_ms=0.64
2026-08-10T17:02:09.996562Z [info     ] 2 changes detected             [watchfiles.main] api_variant=local_dev langgraph_api_version=0.12.2 thread_name=MainThread
2026-08-10T17:02:18.431868Z [info     ] 4 changes detected             [watchfiles.main] api_variant=local_dev langgraph_api_version=0.12.2 thread_name=MainThread
2026-08-10T17:02:25.007980Z [info     ] 2 changes detected             [watchfiles.main] api_variant=local_dev langgraph_api_version=0.12.2 thread_name=MainThread
2026-08-10T17:02:28.491201Z [info     ] 4 changes detected             [watchfiles.main] api_variant=local_dev langgraph_api_version=0.12.2 thread_name=MainThread
2026-08-10T17:02:38.492673Z [info     ] 4 changes detected             [watchfiles.main] api_variant=local_dev langgraph_api_version=0.12.2 thread_name=MainThread
2026-08-10T17:02:39.059527Z [info     ] Worker stats                   [langgraph_api.metrics_collector] active=0 api_variant=local_dev available=1 langgraph_api_version=0.12.2 max=1 thread_name=asyncio_0
2026-08-10T17:02:39.229893Z [info     ] Worker stats                   [langgraph_runtime_inmem.queue] active=0 api_variant=local_dev available=1 langgraph_api_version=0.12.2 max=1 thread_name=asyncio_1
2026-08-10T17:02:39.741822Z [info     ] Queue stats                    [langgraph_runtime_inmem.queue] api_variant=local_dev langgraph_api_version=0.12.2 n_pending=0 n_running=0 pending_runs_wait_time_max_secs=None pending_runs_wait_time_med_secs=None pending_unblocked_runs_wait_time_max_secs=None thread_name=asyncio_0
2026-08-10T17:02:40.056099Z [info     ] 2 changes detected             [watchfiles.main] api_variant=local_dev langgraph_api_version=0.12.2 thread_name=MainThread
2026-08-10T17:02:42.031033Z [info     ] 1 change detected              [watchfiles.main] api_variant=local_dev langgraph_api_version=0.12.2 thread_name=MainThread
2026-08-10T17:03:39.072413Z [info     ] Worker stats                   [langgraph_api.metrics_collector] active=0 api_variant=local_dev available=1 langgraph_api_version=0.12.2 max=1 thread_name=asyncio_1
2026-08-10T17:03:39.446987Z [info     ] Worker stats                   [langgraph_runtime_inmem.queue] active=0 api_variant=local_dev available=1 langgraph_api_version=0.12.2 max=1 thread_name=asyncio_0
2026-08-10T17:03:39.964173Z [info     ] Queue stats                    [langgraph_runtime_inmem.queue] api_variant=local_dev langgraph_api_version=0.12.2 n_pending=0 n_running=0 pending_runs_wait_time_max_secs=None pending_runs_wait_time_med_secs=None pending_unblocked_runs_wait_time_max_secs=None thread_name=asyncio_1
2026-08-10T17:04:39.082494Z [info     ] Worker stats                   [langgraph_api.metrics_collector] active=0 api_variant=local_dev available=1 langgraph_api_version=0.12.2 max=1 thread_name=asyncio_0
2026-08-10T17:04:39.814724Z [info     ] Worker stats                   [langgraph_runtime_inmem.queue] active=0 api_variant=local_dev available=1 langgraph_api_version=0.12.2 max=1 thread_name=asyncio_1
2026-08-10T17:04:40.326333Z [info     ] Queue stats                    [langgraph_runtime_inmem.queue] api_variant=local_dev langgraph_api_version=0.12.2 n_pending=0 n_running=0 pending_runs_wait_time_max_secs=None pending_runs_wait_time_med_secs=None pending_unblocked_runs_wait_time_max_secs=None thread_name=asyncio_0
2026-08-10T17:05:39.100009Z [info     ] Worker stats                   [langgraph_api.metrics_collector] active=0 api_variant=local_dev available=1 langgraph_api_version=0.12.2 max=1 thread_name=asyncio_1
2026-08-10T17:05:40.074900Z [info     ] Worker stats                   [langgraph_runtime_inmem.queue] active=0 api_variant=local_dev available=1 langgraph_api_version=0.12.2 max=1 thread_name=asyncio_0
2026-08-10T17:05:40.586709Z [info     ] Queue stats                    [langgraph_runtime_inmem.queue] api_variant=local_dev langgraph_api_version=0.12.2 n_pending=0 n_running=0 pending_runs_wait_time_max_secs=None pending_runs_wait_time_med_secs=None pending_unblocked_runs_wait_time_max_secs=None thread_name=asyncio_1
2026-08-10T17:06:06.900773Z [warning  ] GET /assistants 405 1ms        [langgraph_api.server] api_variant=local_dev error_detail=None langgraph_api_version=0.12.2 latency_ms=1 method=GET path=/assistants path_params={} proto=1.1 query_string= req_header={} res_header={} response_size_bytes=31 route=/assistants run_id=None status=405 thread_name=MainThread ttfb_ms=0.39
2026-08-10T17:06:15.324923Z [warning  ] GET /assistants 405 0ms        [langgraph_api.server] api_variant=local_dev error_detail=None langgraph_api_version=0.12.2 latency_ms=0 method=GET path=/assistants path_params={} proto=1.1 query_string= req_header={} res_header={} response_size_bytes=31 route=/assistants run_id=None status=405 thread_name=MainThread ttfb_ms=0.36
2026-08-10T17:06:39.113704Z [info     ] Worker stats                   [langgraph_api.metrics_collector] active=0 api_variant=local_dev available=1 langgraph_api_version=0.12.2 max=1 thread_name=asyncio_1
2026-08-10T17:06:39.976926Z [info     ] HTTP Request: POST https://api.smith.langchain.com/v1/metadata/submit "HTTP/1.1 204 No Content" [httpx] api_variant=local_dev langgraph_api_version=0.12.2 thread_name=MainThread
2026-08-10T17:06:39.982888Z [info     ] Successfully submitted metadata to LangSmith instance [langgraph_api.metadata] api_variant=local_dev langgraph_api_version=0.12.2 n_nodes=0 n_runs=0 thread_name=MainThread
2026-08-10T17:06:40.284412Z [info     ] Worker stats                   [langgraph_runtime_inmem.queue] active=0 api_variant=local_dev available=1 langgraph_api_version=0.12.2 max=1 thread_name=asyncio_1
2026-08-10T17:06:40.798513Z [info     ] Queue stats                    [langgraph_runtime_inmem.queue] api_variant=local_dev langgraph_api_version=0.12.2 n_pending=0 n_running=0 pending_runs_wait_time_max_secs=None pending_runs_wait_time_med_secs=None pending_unblocked_runs_wait_time_max_secs=None thread_name=asyncio_0
2026-08-10T17:07:39.126835Z [info     ] Worker stats                   [langgraph_api.metrics_collector] active=0 api_variant=local_dev available=1 langgraph_api_version=0.12.2 max=1 thread_name=asyncio_1
2026-08-10T17:07:40.516162Z [info     ] Worker stats                   [langgraph_runtime_inmem.queue] active=0 api_variant=local_dev available=1 langgraph_api_version=0.12.2 max=1 thread_name=asyncio_0
2026-08-10T17:07:41.029846Z [info     ] Queue stats                    [langgraph_runtime_inmem.queue] api_variant=local_dev langgraph_api_version=0.12.2 n_pending=0 n_running=0 pending_runs_wait_time_max_secs=None pending_runs_wait_time_med_secs=None pending_unblocked_runs_wait_time_max_secs=None thread_name=asyncio_1
2026-08-10T17:08:39.141959Z [info     ] Worker stats                   [langgraph_api.metrics_collector] active=0 api_variant=local_dev available=1 langgraph_api_version=0.12.2 max=1 thread_name=asyncio_1
2026-08-10T17:08:40.686091Z [info     ] Worker stats                   [langgraph_runtime_inmem.queue] active=0 api_variant=local_dev available=1 langgraph_api_version=0.12.2 max=1 thread_name=asyncio_0
2026-08-10T17:08:41.198937Z [info     ] Queue stats                    [langgraph_runtime_inmem.queue] api_variant=local_dev langgraph_api_version=0.12.2 n_pending=0 n_running=0 pending_runs_wait_time_max_secs=None pending_runs_wait_time_med_secs=None pending_unblocked_runs_wait_time_max_secs=None thread_name=asyncio_1
2026-08-10T17:09:39.160583Z [info     ] Worker stats                   [langgraph_api.metrics_collector] active=0 api_variant=local_dev available=1 langgraph_api_version=0.12.2 max=1 thread_name=asyncio_0
2026-08-10T17:09:41.056468Z [info     ] Worker stats                   [langgraph_runtime_inmem.queue] active=0 api_variant=local_dev available=1 langgraph_api_version=0.12.2 max=1 thread_name=asyncio_1
2026-08-10T17:09:41.569449Z [info     ] Queue stats                    [langgraph_runtime_inmem.queue] api_variant=local_dev langgraph_api_version=0.12.2 n_pending=0 n_running=0 pending_runs_wait_time_max_secs=None pending_runs_wait_time_med_secs=None pending_unblocked_runs_wait_time_max_secs=None thread_name=asyncio_0
2026-08-10T17:10:39.182646Z [info     ] Worker stats                   [langgraph_api.metrics_collector] active=0 api_variant=local_dev available=1 langgraph_api_version=0.12.2 max=1 thread_name=asyncio_1
2026-08-10T17:10:41.304217Z [info     ] Worker stats                   [langgraph_runtime_inmem.queue] active=0 api_variant=local_dev available=1 langgraph_api_version=0.12.2 max=1 thread_name=asyncio_0
2026-08-10T17:10:41.832622Z [info     ] Queue stats                    [langgraph_runtime_inmem.queue] api_variant=local_dev langgraph_api_version=0.12.2 n_pending=0 n_running=0 pending_runs_wait_time_max_secs=None pending_runs_wait_time_med_secs=None pending_unblocked_runs_wait_time_max_secs=None thread_name=asyncio_1
2026-08-10T17:11:39.200608Z [info     ] Worker stats                   [langgraph_api.metrics_collector] active=0 api_variant=local_dev available=1 langgraph_api_version=0.12.2 max=1 thread_name=asyncio_0
2026-08-10T17:11:40.283913Z [info     ] HTTP Request: POST https://api.smith.langchain.com/v1/metadata/submit "HTTP/1.1 204 No Content" [httpx] api_variant=local_dev langgraph_api_version=0.12.2 thread_name=MainThread
2026-08-10T17:11:40.290751Z [info     ] Successfully submitted metadata to LangSmith instance [langgraph_api.metadata] api_variant=local_dev langgraph_api_version=0.12.2 n_nodes=0 n_runs=0 thread_name=MainThread
2026-08-10T17:11:41.631497Z [info     ] Worker stats                   [langgraph_runtime_inmem.queue] active=0 api_variant=local_dev available=1 langgraph_api_version=0.12.2 max=1 thread_name=asyncio_0
2026-08-10T17:11:42.146011Z [info     ] Queue stats                    [langgraph_runtime_inmem.queue] api_variant=local_dev langgraph_api_version=0.12.2 n_pending=0 n_running=0 pending_runs_wait_time_max_secs=None pending_runs_wait_time_med_secs=None pending_unblocked_runs_wait_time_max_secs=None thread_name=asyncio_1
2026-08-10T17:12:39.214407Z [info     ] Worker stats                   [langgraph_api.metrics_collector] active=0 api_variant=local_dev available=1 langgraph_api_version=0.12.2 max=1 thread_name=asyncio_0
2026-08-10T17:12:41.974813Z [info     ] Worker stats                   [langgraph_runtime_inmem.queue] active=0 api_variant=local_dev available=1 langgraph_api_version=0.12.2 max=1 thread_name=asyncio_1
2026-08-10T17:12:42.491788Z [info     ] Queue stats                    [langgraph_runtime_inmem.queue] api_variant=local_dev langgraph_api_version=0.12.2 n_pending=0 n_running=0 pending_runs_wait_time_max_secs=None pending_runs_wait_time_med_secs=None pending_unblocked_runs_wait_time_max_secs=None thread_name=asyncio_0
2026-08-10T17:13:39.235428Z [info     ] Worker stats                   [langgraph_api.metrics_collector] active=0 api_variant=local_dev available=1 langgraph_api_version=0.12.2 max=1 thread_name=asyncio_1
2026-08-10T17:13:42.071107Z [info     ] Worker stats                   [langgraph_runtime_inmem.queue] active=0 api_variant=local_dev available=1 langgraph_api_version=0.12.2 max=1 thread_name=asyncio_0
2026-08-10T17:13:42.586127Z [info     ] Queue stats                    [langgraph_runtime_inmem.queue] api_variant=local_dev langgraph_api_version=0.12.2 n_pending=0 n_running=0 pending_runs_wait_time_max_secs=None pending_runs_wait_time_med_secs=None pending_unblocked_runs_wait_time_max_secs=None thread_name=asyncio_1
2026-08-10T17:14:39.247461Z [info     ] Worker stats                   [langgraph_api.metrics_collector] active=0 api_variant=local_dev available=1 langgraph_api_version=0.12.2 max=1 thread_name=asyncio_0
2026-08-10T17:14:42.284595Z [info     ] Worker stats                   [langgraph_runtime_inmem.queue] active=0 api_variant=local_dev available=1 langgraph_api_version=0.12.2 max=1 thread_name=asyncio_1
2026-08-10T17:14:42.816395Z [info     ] Queue stats                    [langgraph_runtime_inmem.queue] api_variant=local_dev langgraph_api_version=0.12.2 n_pending=0 n_running=0 pending_runs_wait_time_max_secs=None pending_runs_wait_time_med_secs=None pending_unblocked_runs_wait_time_max_secs=None thread_name=asyncio_0
2026-08-10T17:15:39.257174Z [info     ] Worker stats                   [langgraph_api.metrics_collector] active=0 api_variant=local_dev available=1 langgraph_api_version=0.12.2 max=1 thread_name=asyncio_1
2026-08-10T17:15:42.561746Z [info     ] Worker stats                   [langgraph_runtime_inmem.queue] active=0 api_variant=local_dev available=1 langgraph_api_version=0.12.2 max=1 thread_name=asyncio_0
2026-08-10T17:15:43.076967Z [info     ] Queue stats                    [langgraph_runtime_inmem.queue] api_variant=local_dev langgraph_api_version=0.12.2 n_pending=0 n_running=0 pending_runs_wait_time_max_secs=None pending_runs_wait_time_med_secs=None pending_unblocked_runs_wait_time_max_secs=None thread_name=asyncio_1
2026-08-10T17:16:39.271207Z [info     ] Worker stats                   [langgraph_api.metrics_collector] active=0 api_variant=local_dev available=1 langgraph_api_version=0.12.2 max=1 thread_name=asyncio_0
2026-08-10T17:16:40.554801Z [info     ] HTTP Request: POST https://api.smith.langchain.com/v1/metadata/submit "HTTP/1.1 204 No Content" [httpx] api_variant=local_dev langgraph_api_version=0.12.2 thread_name=MainThread
2026-08-10T17:16:40.557435Z [info     ] Successfully submitted metadata to LangSmith instance [langgraph_api.metadata] api_variant=local_dev langgraph_api_version=0.12.2 n_nodes=0 n_runs=0 thread_name=MainThread
2026-08-10T17:16:42.908514Z [info     ] Worker stats                   [langgraph_runtime_inmem.queue] active=0 api_variant=local_dev available=1 langgraph_api_version=0.12.2 max=1 thread_name=asyncio_0
2026-08-10T17:16:43.459095Z [info     ] Queue stats                    [langgraph_runtime_inmem.queue] api_variant=local_dev langgraph_api_version=0.12.2 n_pending=0 n_running=0 pending_runs_wait_time_max_secs=None pending_runs_wait_time_med_secs=None pending_unblocked_runs_wait_time_max_secs=None thread_name=asyncio_1
2026-08-10T17:17:39.287566Z [info     ] Worker stats                   [langgraph_api.metrics_collector] active=0 api_variant=local_dev available=1 langgraph_api_version=0.12.2 max=1 thread_name=asyncio_0
2026-08-10T17:17:43.170298Z [info     ] Worker stats                   [langgraph_runtime_inmem.queue] active=0 api_variant=local_dev available=1 langgraph_api_version=0.12.2 max=1 thread_name=asyncio_1
2026-08-10T17:17:43.684723Z [info     ] Queue stats                    [langgraph_runtime_inmem.queue] api_variant=local_dev langgraph_api_version=0.12.2 n_pending=0 n_running=0 pending_runs_wait_time_max_secs=None pending_runs_wait_time_med_secs=None pending_unblocked_runs_wait_time_max_secs=None thread_name=asyncio_0
2026-08-10T17:18:39.297829Z [info     ] Worker stats                   [langgraph_api.metrics_collector] active=0 api_variant=local_dev available=1 langgraph_api_version=0.12.2 max=1 thread_name=asyncio_1
2026-08-10T17:18:43.414466Z [info     ] Worker stats                   [langgraph_runtime_inmem.queue] active=0 api_variant=local_dev available=1 langgraph_api_version=0.12.2 max=1 thread_name=asyncio_0
2026-08-10T17:18:43.929926Z [info     ] Queue stats                    [langgraph_runtime_inmem.queue] api_variant=local_dev langgraph_api_version=0.12.2 n_pending=0 n_running=0 pending_runs_wait_time_max_secs=None pending_runs_wait_time_med_secs=None pending_unblocked_runs_wait_time_max_secs=None thread_name=asyncio_1
2026-08-10T17:19:39.310857Z [info     ] Worker stats                   [langgraph_api.metrics_collector] active=0 api_variant=local_dev available=1 langgraph_api_version=0.12.2 max=1 thread_name=asyncio_0
2026-08-10T17:19:43.418054Z [info     ] Worker stats                   [langgraph_runtime_inmem.queue] active=0 api_variant=local_dev available=1 langgraph_api_version=0.12.2 max=1 thread_name=asyncio_1
2026-08-10T17:19:43.933450Z [info     ] Queue stats                    [langgraph_runtime_inmem.queue] api_variant=local_dev langgraph_api_version=0.12.2 n_pending=0 n_running=0 pending_runs_wait_time_max_secs=None pending_runs_wait_time_med_secs=None pending_unblocked_runs_wait_time_max_secs=None thread_name=asyncio_0
2026-08-10T17:20:39.317610Z [info     ] Worker stats                   [langgraph_api.metrics_collector] active=0 api_variant=local_dev available=1 langgraph_api_version=0.12.2 max=1 thread_name=asyncio_1
2026-08-10T17:20:43.429439Z [info     ] Worker stats                   [langgraph_runtime_inmem.queue] active=0 api_variant=local_dev available=1 langgraph_api_version=0.12.2 max=1 thread_name=asyncio_0
2026-08-10T17:20:43.943991Z [info     ] Queue stats                    [langgraph_runtime_inmem.queue] api_variant=local_dev langgraph_api_version=0.12.2 n_pending=0 n_running=0 pending_runs_wait_time_max_secs=None pending_runs_wait_time_med_secs=None pending_unblocked_runs_wait_time_max_secs=None thread_name=asyncio_1
2026-08-10T17:21:39.321672Z [info     ] Worker stats                   [langgraph_api.metrics_collector] active=0 api_variant=local_dev available=1 langgraph_api_version=0.12.2 max=1 thread_name=asyncio_0
2026-08-10T17:21:40.856184Z [info     ] HTTP Request: POST https://api.smith.langchain.com/v1/metadata/submit "HTTP/1.1 204 No Content" [httpx] api_variant=local_dev langgraph_api_version=0.12.2 thread_name=MainThread
2026-08-10T17:21:40.858983Z [info     ] Successfully submitted metadata to LangSmith instance [langgraph_api.metadata] api_variant=local_dev langgraph_api_version=0.12.2 n_nodes=0 n_runs=0 thread_name=MainThread
2026-08-10T17:21:43.451511Z [info     ] Worker stats                   [langgraph_runtime_inmem.queue] active=0 api_variant=local_dev available=1 langgraph_api_version=0.12.2 max=1 thread_name=asyncio_0
2026-08-10T17:21:43.965938Z [info     ] Queue stats                    [langgraph_runtime_inmem.queue] api_variant=local_dev langgraph_api_version=0.12.2 n_pending=0 n_running=0 pending_runs_wait_time_max_secs=None pending_runs_wait_time_med_secs=None pending_unblocked_runs_wait_time_max_secs=None thread_name=asyncio_1
2026-08-10T17:22:39.327307Z [info     ] Worker stats                   [langgraph_api.metrics_collector] active=0 api_variant=local_dev available=1 langgraph_api_version=0.12.2 max=1 thread_name=asyncio_0
2026-08-10T17:22:43.460813Z [info     ] Worker stats                   [langgraph_runtime_inmem.queue] active=0 api_variant=local_dev available=1 langgraph_api_version=0.12.2 max=1 thread_name=asyncio_1
2026-08-10T17:22:43.967160Z [info     ] Queue stats                    [langgraph_runtime_inmem.queue] api_variant=local_dev langgraph_api_version=0.12.2 n_pending=0 n_running=0 pending_runs_wait_time_max_secs=None pending_runs_wait_time_med_secs=None pending_unblocked_runs_wait_time_max_secs=None thread_name=asyncio_0
2026-08-10T17:23:39.337449Z [info     ] Worker stats                   [langgraph_api.metrics_collector] active=0 api_variant=local_dev available=1 langgraph_api_version=0.12.2 max=1 thread_name=asyncio_1
2026-08-10T17:23:43.924907Z [info     ] Worker stats                   [langgraph_runtime_inmem.queue] active=0 api_variant=local_dev available=1 langgraph_api_version=0.12.2 max=1 thread_name=asyncio_0
2026-08-10T17:23:44.440758Z [info     ] Queue stats                    [langgraph_runtime_inmem.queue] api_variant=local_dev langgraph_api_version=0.12.2 n_pending=0 n_running=0 pending_runs_wait_time_max_secs=None pending_runs_wait_time_med_secs=None pending_unblocked_runs_wait_time_max_secs=None thread_name=asyncio_1
2026-08-10T17:24:39.355403Z [info     ] Worker stats                   [langgraph_api.metrics_collector] active=0 api_variant=local_dev available=1 langgraph_api_version=0.12.2 max=1 thread_name=asyncio_0
2026-08-10T17:24:44.038006Z [info     ] Worker stats                   [langgraph_runtime_inmem.queue] active=0 api_variant=local_dev available=1 langgraph_api_version=0.12.2 max=1 thread_name=asyncio_1
2026-08-10T17:24:44.557070Z [info     ] Queue stats                    [langgraph_runtime_inmem.queue] api_variant=local_dev langgraph_api_version=0.12.2 n_pending=0 n_running=0 pending_runs_wait_time_max_secs=None pending_runs_wait_time_med_secs=None pending_unblocked_runs_wait_time_max_secs=None thread_name=asyncio_0
2026-08-10T17:25:39.364363Z [info     ] Worker stats                   [langgraph_api.metrics_collector] active=0 api_variant=local_dev available=1 langgraph_api_version=0.12.2 max=1 thread_name=asyncio_1
2026-08-10T17:25:44.534140Z [info     ] Worker stats                   [langgraph_runtime_inmem.queue] active=0 api_variant=local_dev available=1 langgraph_api_version=0.12.2 max=1 thread_name=asyncio_0
2026-08-10T17:25:45.048621Z [info     ] Queue stats                    [langgraph_runtime_inmem.queue] api_variant=local_dev langgraph_api_version=0.12.2 n_pending=0 n_running=0 pending_runs_wait_time_max_secs=None pending_runs_wait_time_med_secs=None pending_unblocked_runs_wait_time_max_secs=None thread_name=asyncio_1
2026-08-10T17:26:39.381880Z [info     ] Worker stats                   [langgraph_api.metrics_collector] active=0 api_variant=local_dev available=1 langgraph_api_version=0.12.2 max=1 thread_name=asyncio_0
2026-08-10T17:26:41.162137Z [info     ] HTTP Request: POST https://api.smith.langchain.com/v1/metadata/submit "HTTP/1.1 204 No Content" [httpx] api_variant=local_dev langgraph_api_version=0.12.2 thread_name=MainThread
2026-08-10T17:26:41.166705Z [info     ] Successfully submitted metadata to LangSmith instance [langgraph_api.metadata] api_variant=local_dev langgraph_api_version=0.12.2 n_nodes=0 n_runs=0 thread_name=MainThread
2026-08-10T17:26:44.692731Z [info     ] Worker stats                   [langgraph_runtime_inmem.queue] active=0 api_variant=local_dev available=1 langgraph_api_version=0.12.2 max=1 thread_name=asyncio_0
2026-08-10T17:26:45.206517Z [info     ] Queue stats                    [langgraph_runtime_inmem.queue] api_variant=local_dev langgraph_api_version=0.12.2 n_pending=0 n_running=0 pending_runs_wait_time_max_secs=None pending_runs_wait_time_med_secs=None pending_unblocked_runs_wait_time_max_secs=None thread_name=asyncio_1
2026-08-10T17:27:39.402456Z [info     ] Worker stats                   [langgraph_api.metrics_collector] active=0 api_variant=local_dev available=1 langgraph_api_version=0.12.2 max=1 thread_name=asyncio_0
2026-08-10T17:27:44.830816Z [info     ] Worker stats                   [langgraph_runtime_inmem.queue] active=0 api_variant=local_dev available=1 langgraph_api_version=0.12.2 max=1 thread_name=asyncio_1
2026-08-10T17:27:45.345253Z [info     ] Queue stats                    [langgraph_runtime_inmem.queue] api_variant=local_dev langgraph_api_version=0.12.2 n_pending=0 n_running=0 pending_runs_wait_time_max_secs=None pending_runs_wait_time_med_secs=None pending_unblocked_runs_wait_time_max_secs=None thread_name=asyncio_0
2026-08-10T17:28:39.414327Z [info     ] Worker stats                   [langgraph_api.metrics_collector] active=0 api_variant=local_dev available=1 langgraph_api_version=0.12.2 max=1 thread_name=asyncio_1
2026-08-10T17:28:44.962058Z [info     ] Worker stats                   [langgraph_runtime_inmem.queue] active=0 api_variant=local_dev available=1 langgraph_api_version=0.12.2 max=1 thread_name=asyncio_0
2026-08-10T17:28:45.477740Z [info     ] Queue stats                    [langgraph_runtime_inmem.queue] api_variant=local_dev langgraph_api_version=0.12.2 n_pending=0 n_running=0 pending_runs_wait_time_max_secs=None pending_runs_wait_time_med_secs=None pending_unblocked_runs_wait_time_max_secs=None thread_name=asyncio_1
2026-08-10T17:29:39.426602Z [info     ] Worker stats                   [langgraph_api.metrics_collector] active=0 api_variant=local_dev available=1 langgraph_api_version=0.12.2 max=1 thread_name=asyncio_0
2026-08-10T17:29:44.978514Z [info     ] Worker stats                   [langgraph_runtime_inmem.queue] active=0 api_variant=local_dev available=1 langgraph_api_version=0.12.2 max=1 thread_name=asyncio_1
2026-08-10T17:29:45.493399Z [info     ] Queue stats                    [langgraph_runtime_inmem.queue] api_variant=local_dev langgraph_api_version=0.12.2 n_pending=0 n_running=0 pending_runs_wait_time_max_secs=None pending_runs_wait_time_med_secs=None pending_unblocked_runs_wait_time_max_secs=None thread_name=asyncio_0
2026-08-10T17:30:39.434713Z [info     ] Worker stats                   [langgraph_api.metrics_collector] active=0 api_variant=local_dev available=1 langgraph_api_version=0.12.2 max=1 thread_name=asyncio_1
2026-08-10T17:30:45.034270Z [info     ] Worker stats                   [langgraph_runtime_inmem.queue] active=0 api_variant=local_dev available=1 langgraph_api_version=0.12.2 max=1 thread_name=asyncio_0
2026-08-10T17:30:45.548144Z [info     ] Queue stats                    [langgraph_runtime_inmem.queue] api_variant=local_dev langgraph_api_version=0.12.2 n_pending=0 n_running=0 pending_runs_wait_time_max_secs=None pending_runs_wait_time_med_secs=None pending_unblocked_runs_wait_time_max_secs=None thread_name=asyncio_1
2026-08-10T17:31:39.446865Z [info     ] Worker stats                   [langgraph_api.metrics_collector] active=0 api_variant=local_dev available=1 langgraph_api_version=0.12.2 max=1 thread_name=asyncio_0
2026-08-10T17:31:41.481950Z [info     ] HTTP Request: POST https://api.smith.langchain.com/v1/metadata/submit "HTTP/1.1 204 No Content" [httpx] api_variant=local_dev langgraph_api_version=0.12.2 thread_name=MainThread
2026-08-10T17:31:41.484152Z [info     ] Successfully submitted metadata to LangSmith instance [langgraph_api.metadata] api_variant=local_dev langgraph_api_version=0.12.2 n_nodes=0 n_runs=0 thread_name=MainThread
2026-08-10T17:31:45.253756Z [info     ] Worker stats                   [langgraph_runtime_inmem.queue] active=0 api_variant=local_dev available=1 langgraph_api_version=0.12.2 max=1 thread_name=asyncio_0
2026-08-10T17:31:45.763140Z [info     ] Queue stats                    [langgraph_runtime_inmem.queue] api_variant=local_dev langgraph_api_version=0.12.2 n_pending=0 n_running=0 pending_runs_wait_time_max_secs=None pending_runs_wait_time_med_secs=None pending_unblocked_runs_wait_time_max_secs=None thread_name=asyncio_1
2026-08-10T17:32:39.454060Z [info     ] Worker stats                   [langgraph_api.metrics_collector] active=0 api_variant=local_dev available=1 langgraph_api_version=0.12.2 max=1 thread_name=asyncio_0
2026-08-10T17:32:45.349042Z [info     ] Worker stats                   [langgraph_runtime_inmem.queue] active=0 api_variant=local_dev available=1 langgraph_api_version=0.12.2 max=1 thread_name=asyncio_1
2026-08-10T17:32:45.864277Z [info     ] Queue stats                    [langgraph_runtime_inmem.queue] api_variant=local_dev langgraph_api_version=0.12.2 n_pending=0 n_running=0 pending_runs_wait_time_max_secs=None pending_runs_wait_time_med_secs=None pending_unblocked_runs_wait_time_max_secs=None thread_name=asyncio_0
2026-08-10T17:33:39.465472Z [info     ] Worker stats                   [langgraph_api.metrics_collector] active=0 api_variant=local_dev available=1 langgraph_api_version=0.12.2 max=1 thread_name=asyncio_1
2026-08-10T17:33:45.740758Z [info     ] Worker stats                   [langgraph_runtime_inmem.queue] active=0 api_variant=local_dev available=1 langgraph_api_version=0.12.2 max=1 thread_name=asyncio_0
2026-08-10T17:33:46.255015Z [info     ] Queue stats                    [langgraph_runtime_inmem.queue] api_variant=local_dev langgraph_api_version=0.12.2 n_pending=0 n_running=0 pending_runs_wait_time_max_secs=None pending_runs_wait_time_med_secs=None pending_unblocked_runs_wait_time_max_secs=None thread_name=asyncio_1
2026-08-10T17:34:39.473861Z [info     ] Worker stats                   [langgraph_api.metrics_collector] active=0 api_variant=local_dev available=1 langgraph_api_version=0.12.2 max=1 thread_name=asyncio_0
2026-08-10T17:34:46.238856Z [info     ] Worker stats                   [langgraph_runtime_inmem.queue] active=0 api_variant=local_dev available=1 langgraph_api_version=0.12.2 max=1 thread_name=asyncio_1
2026-08-10T17:34:46.753815Z [info     ] Queue stats                    [langgraph_runtime_inmem.queue] api_variant=local_dev langgraph_api_version=0.12.2 n_pending=0 n_running=0 pending_runs_wait_time_max_secs=None pending_runs_wait_time_med_secs=None pending_unblocked_runs_wait_time_max_secs=None thread_name=asyncio_0
2026-08-10T17:35:39.482853Z [info     ] Worker stats                   [langgraph_api.metrics_collector] active=0 api_variant=local_dev available=1 langgraph_api_version=0.12.2 max=1 thread_name=asyncio_1
2026-08-10T17:35:46.304778Z [info     ] Worker stats                   [langgraph_runtime_inmem.queue] active=0 api_variant=local_dev available=1 langgraph_api_version=0.12.2 max=1 thread_name=asyncio_0
2026-08-10T17:35:46.816381Z [info     ] Queue stats                    [langgraph_runtime_inmem.queue] api_variant=local_dev langgraph_api_version=0.12.2 n_pending=0 n_running=0 pending_runs_wait_time_max_secs=None pending_runs_wait_time_med_secs=None pending_unblocked_runs_wait_time_max_secs=None thread_name=asyncio_1
2026-08-10T17:36:39.497943Z [info     ] Worker stats                   [langgraph_api.metrics_collector] active=0 api_variant=local_dev available=1 langgraph_api_version=0.12.2 max=1 thread_name=asyncio_0
2026-08-10T17:36:41.779146Z [info     ] HTTP Request: POST https://api.smith.langchain.com/v1/metadata/submit "HTTP/1.1 204 No Content" [httpx] api_variant=local_dev langgraph_api_version=0.12.2 thread_name=MainThread
2026-08-10T17:36:41.786058Z [info     ] Successfully submitted metadata to LangSmith instance [langgraph_api.metadata] api_variant=local_dev langgraph_api_version=0.12.2 n_nodes=0 n_runs=0 thread_name=MainThread
2026-08-10T17:36:46.379650Z [info     ] Worker stats                   [langgraph_runtime_inmem.queue] active=0 api_variant=local_dev available=1 langgraph_api_version=0.12.2 max=1 thread_name=asyncio_0
2026-08-10T17:36:46.896696Z [info     ] Queue stats                    [langgraph_runtime_inmem.queue] api_variant=local_dev langgraph_api_version=0.12.2 n_pending=0 n_running=0 pending_runs_wait_time_max_secs=None pending_runs_wait_time_med_secs=None pending_unblocked_runs_wait_time_max_secs=None thread_name=asyncio_1
2026-08-10T17:37:39.518541Z [info     ] Worker stats                   [langgraph_api.metrics_collector] active=0 api_variant=local_dev available=1 langgraph_api_version=0.12.2 max=1 thread_name=asyncio_0
2026-08-10T17:37:46.793257Z [info     ] Worker stats                   [langgraph_runtime_inmem.queue] active=0 api_variant=local_dev available=1 langgraph_api_version=0.12.2 max=1 thread_name=asyncio_1
2026-08-10T17:37:47.308785Z [info     ] Queue stats                    [langgraph_runtime_inmem.queue] api_variant=local_dev langgraph_api_version=0.12.2 n_pending=0 n_running=0 pending_runs_wait_time_max_secs=None pending_runs_wait_time_med_secs=None pending_unblocked_runs_wait_time_max_secs=None thread_name=asyncio_0
2026-08-10T17:38:39.530337Z [info     ] Worker stats                   [langgraph_api.metrics_collector] active=0 api_variant=local_dev available=1 langgraph_api_version=0.12.2 max=1 thread_name=asyncio_1
2026-08-10T17:38:47.125805Z [info     ] Worker stats                   [langgraph_runtime_inmem.queue] active=0 api_variant=local_dev available=1 langgraph_api_version=0.12.2 max=1 thread_name=asyncio_0
2026-08-10T17:38:47.641834Z [info     ] Queue stats                    [langgraph_runtime_inmem.queue] api_variant=local_dev langgraph_api_version=0.12.2 n_pending=0 n_running=0 pending_runs_wait_time_max_secs=None pending_runs_wait_time_med_secs=None pending_unblocked_runs_wait_time_max_secs=None thread_name=asyncio_1
2026-08-10T17:39:39.553141Z [info     ] Worker stats                   [langgraph_api.metrics_collector] active=0 api_variant=local_dev available=1 langgraph_api_version=0.12.2 max=1 thread_name=asyncio_0
2026-08-10T17:39:47.360963Z [info     ] Worker stats                   [langgraph_runtime_inmem.queue] active=0 api_variant=local_dev available=1 langgraph_api_version=0.12.2 max=1 thread_name=asyncio_1
2026-08-10T17:39:47.875939Z [info     ] Queue stats                    [langgraph_runtime_inmem.queue] api_variant=local_dev langgraph_api_version=0.12.2 n_pending=0 n_running=0 pending_runs_wait_time_max_secs=None pending_runs_wait_time_med_secs=None pending_unblocked_runs_wait_time_max_secs=None thread_name=asyncio_0
2026-08-10T17:40:39.573214Z [info     ] Worker stats                   [langgraph_api.metrics_collector] active=0 api_variant=local_dev available=1 langgraph_api_version=0.12.2 max=1 thread_name=asyncio_1
2026-08-10T17:40:47.831567Z [info     ] Worker stats                   [langgraph_runtime_inmem.queue] active=0 api_variant=local_dev available=1 langgraph_api_version=0.12.2 max=1 thread_name=asyncio_0
2026-08-10T17:40:48.350037Z [info     ] Queue stats                    [langgraph_runtime_inmem.queue] api_variant=local_dev langgraph_api_version=0.12.2 n_pending=0 n_running=0 pending_runs_wait_time_max_secs=None pending_runs_wait_time_med_secs=None pending_unblocked_runs_wait_time_max_secs=None thread_name=asyncio_1
2026-08-10T17:41:39.583186Z [info     ] Worker stats                   [langgraph_api.metrics_collector] active=0 api_variant=local_dev available=1 langgraph_api_version=0.12.2 max=1 thread_name=asyncio_0
2026-08-10T17:41:43.282873Z [info     ] HTTP Request: POST https://api.smith.langchain.com/v1/metadata/submit "HTTP/1.1 204 No Content" [httpx] api_variant=local_dev langgraph_api_version=0.12.2 thread_name=MainThread
2026-08-10T17:41:43.289582Z [info     ] Successfully submitted metadata to LangSmith instance [langgraph_api.metadata] api_variant=local_dev langgraph_api_version=0.12.2 n_nodes=0 n_runs=0 thread_name=MainThread
2026-08-10T17:41:47.860544Z [info     ] Worker stats                   [langgraph_runtime_inmem.queue] active=0 api_variant=local_dev available=1 langgraph_api_version=0.12.2 max=1 thread_name=asyncio_0
2026-08-10T17:41:48.376490Z [info     ] Queue stats                    [langgraph_runtime_inmem.queue] api_variant=local_dev langgraph_api_version=0.12.2 n_pending=0 n_running=0 pending_runs_wait_time_max_secs=None pending_runs_wait_time_med_secs=None pending_unblocked_runs_wait_time_max_secs=None thread_name=asyncio_1
2026-08-10T17:42:39.598186Z [info     ] Worker stats                   [langgraph_api.metrics_collector] active=0 api_variant=local_dev available=1 langgraph_api_version=0.12.2 max=1 thread_name=asyncio_0
2026-08-10T17:42:48.141919Z [info     ] Worker stats                   [langgraph_runtime_inmem.queue] active=0 api_variant=local_dev available=1 langgraph_api_version=0.12.2 max=1 thread_name=asyncio_1
2026-08-10T17:42:48.662159Z [info     ] Queue stats                    [langgraph_runtime_inmem.queue] api_variant=local_dev langgraph_api_version=0.12.2 n_pending=0 n_running=0 pending_runs_wait_time_max_secs=None pending_runs_wait_time_med_secs=None pending_unblocked_runs_wait_time_max_secs=None thread_name=asyncio_0
2026-08-10T17:43:39.614903Z [info     ] Worker stats                   [langgraph_api.metrics_collector] active=0 api_variant=local_dev available=1 langgraph_api_version=0.12.2 max=1 thread_name=asyncio_1
2026-08-10T17:43:48.507796Z [info     ] Worker stats                   [langgraph_runtime_inmem.queue] active=0 api_variant=local_dev available=1 langgraph_api_version=0.12.2 max=1 thread_name=asyncio_0
2026-08-10T17:43:49.019208Z [info     ] Queue stats                    [langgraph_runtime_inmem.queue] api_variant=local_dev langgraph_api_version=0.12.2 n_pending=0 n_running=0 pending_runs_wait_time_max_secs=None pending_runs_wait_time_med_secs=None pending_unblocked_runs_wait_time_max_secs=None thread_name=asyncio_1
2026-08-10T17:44:39.627318Z [info     ] Worker stats                   [langgraph_api.metrics_collector] active=0 api_variant=local_dev available=1 langgraph_api_version=0.12.2 max=1 thread_name=asyncio_0
2026-08-10T17:44:48.557922Z [info     ] Worker stats                   [langgraph_runtime_inmem.queue] active=0 api_variant=local_dev available=1 langgraph_api_version=0.12.2 max=1 thread_name=asyncio_1
2026-08-10T17:44:49.074242Z [info     ] Queue stats                    [langgraph_runtime_inmem.queue] api_variant=local_dev langgraph_api_version=0.12.2 n_pending=0 n_running=0 pending_runs_wait_time_max_secs=None pending_runs_wait_time_med_secs=None pending_unblocked_runs_wait_time_max_secs=None thread_name=asyncio_0
2026-08-10T17:45:39.643043Z [info     ] Worker stats                   [langgraph_api.metrics_collector] active=0 api_variant=local_dev available=1 langgraph_api_version=0.12.2 max=1 thread_name=asyncio_1
2026-08-10T17:45:48.782088Z [info     ] Worker stats                   [langgraph_runtime_inmem.queue] active=0 api_variant=local_dev available=1 langgraph_api_version=0.12.2 max=1 thread_name=asyncio_0
2026-08-10T17:45:49.299578Z [info     ] Queue stats                    [langgraph_runtime_inmem.queue] api_variant=local_dev langgraph_api_version=0.12.2 n_pending=0 n_running=0 pending_runs_wait_time_max_secs=None pending_runs_wait_time_med_secs=None pending_unblocked_runs_wait_time_max_secs=None thread_name=asyncio_1
2026-08-10T17:46:39.652651Z [info     ] Worker stats                   [langgraph_api.metrics_collector] active=0 api_variant=local_dev available=1 langgraph_api_version=0.12.2 max=1 thread_name=asyncio_0
2026-08-10T17:46:44.001698Z [info     ] HTTP Request: POST https://api.smith.langchain.com/v1/metadata/submit "HTTP/1.1 204 No Content" [httpx] api_variant=local_dev langgraph_api_version=0.12.2 thread_name=MainThread
2026-08-10T17:46:44.006621Z [info     ] Successfully submitted metadata to LangSmith instance [langgraph_api.metadata] api_variant=local_dev langgraph_api_version=0.12.2 n_nodes=0 n_runs=0 thread_name=MainThread
2026-08-10T17:46:49.021681Z [info     ] Worker stats                   [langgraph_runtime_inmem.queue] active=0 api_variant=local_dev available=1 langgraph_api_version=0.12.2 max=1 thread_name=asyncio_0
2026-08-10T17:46:49.538196Z [info     ] Queue stats                    [langgraph_runtime_inmem.queue] api_variant=local_dev langgraph_api_version=0.12.2 n_pending=0 n_running=0 pending_runs_wait_time_max_secs=None pending_runs_wait_time_med_secs=None pending_unblocked_runs_wait_time_max_secs=None thread_name=asyncio_1
2026-08-10T17:47:39.665705Z [info     ] Worker stats                   [langgraph_api.metrics_collector] active=0 api_variant=local_dev available=1 langgraph_api_version=0.12.2 max=1 thread_name=asyncio_0
2026-08-10T17:47:49.247061Z [info     ] Worker stats                   [langgraph_runtime_inmem.queue] active=0 api_variant=local_dev available=1 langgraph_api_version=0.12.2 max=1 thread_name=asyncio_1
2026-08-10T17:47:49.761133Z [info     ] Queue stats                    [langgraph_runtime_inmem.queue] api_variant=local_dev langgraph_api_version=0.12.2 n_pending=0 n_running=0 pending_runs_wait_time_max_secs=None pending_runs_wait_time_med_secs=None pending_unblocked_runs_wait_time_max_secs=None thread_name=asyncio_0
2026-08-10T17:48:39.684581Z [info     ] Worker stats                   [langgraph_api.metrics_collector] active=0 api_variant=local_dev available=1 langgraph_api_version=0.12.2 max=1 thread_name=asyncio_1
2026-08-10T17:48:49.525212Z [info     ] Worker stats                   [langgraph_runtime_inmem.queue] active=0 api_variant=local_dev available=1 langgraph_api_version=0.12.2 max=1 thread_name=asyncio_0
2026-08-10T17:48:50.040407Z [info     ] Queue stats                    [langgraph_runtime_inmem.queue] api_variant=local_dev langgraph_api_version=0.12.2 n_pending=0 n_running=0 pending_runs_wait_time_max_secs=None pending_runs_wait_time_med_secs=None pending_unblocked_runs_wait_time_max_secs=None thread_name=asyncio_1
2026-08-10T17:49:39.699828Z [info     ] Worker stats                   [langgraph_api.metrics_collector] active=0 api_variant=local_dev available=1 langgraph_api_version=0.12.2 max=1 thread_name=asyncio_0
2026-08-10T17:49:49.899375Z [info     ] Worker stats                   [langgraph_runtime_inmem.queue] active=0 api_variant=local_dev available=1 langgraph_api_version=0.12.2 max=1 thread_name=asyncio_1
2026-08-10T17:49:50.414160Z [info     ] Queue stats                    [langgraph_runtime_inmem.queue] api_variant=local_dev langgraph_api_version=0.12.2 n_pending=0 n_running=0 pending_runs_wait_time_max_secs=None pending_runs_wait_time_med_secs=None pending_unblocked_runs_wait_time_max_secs=None thread_name=asyncio_0
2026-08-10T17:50:39.713839Z [info     ] Worker stats                   [langgraph_api.metrics_collector] active=0 api_variant=local_dev available=1 langgraph_api_version=0.12.2 max=1 thread_name=asyncio_1
2026-08-10T17:50:50.063192Z [info     ] Worker stats                   [langgraph_runtime_inmem.queue] active=0 api_variant=local_dev available=1 langgraph_api_version=0.12.2 max=1 thread_name=asyncio_0
2026-08-10T17:50:50.577395Z [info     ] Queue stats                    [langgraph_runtime_inmem.queue] api_variant=local_dev langgraph_api_version=0.12.2 n_pending=0 n_running=0 pending_runs_wait_time_max_secs=None pending_runs_wait_time_med_secs=None pending_unblocked_runs_wait_time_max_secs=None thread_name=asyncio_1
2026-08-10T17:51:39.721026Z [info     ] Worker stats                   [langgraph_api.metrics_collector] active=0 api_variant=local_dev available=1 langgraph_api_version=0.12.2 max=1 thread_name=asyncio_0
2026-08-10T17:51:44.291132Z [info     ] HTTP Request: POST https://api.smith.langchain.com/v1/metadata/submit "HTTP/1.1 204 No Content" [httpx] api_variant=local_dev langgraph_api_version=0.12.2 thread_name=MainThread
2026-08-10T17:51:44.294249Z [info     ] Successfully submitted metadata to LangSmith instance [langgraph_api.metadata] api_variant=local_dev langgraph_api_version=0.12.2 n_nodes=0 n_runs=0 thread_name=MainThread
2026-08-10T17:51:50.197519Z [info     ] Worker stats                   [langgraph_runtime_inmem.queue] active=0 api_variant=local_dev available=1 langgraph_api_version=0.12.2 max=1 thread_name=asyncio_0
2026-08-10T17:51:50.712777Z [info     ] Queue stats                    [langgraph_runtime_inmem.queue] api_variant=local_dev langgraph_api_version=0.12.2 n_pending=0 n_running=0 pending_runs_wait_time_max_secs=None pending_runs_wait_time_med_secs=None pending_unblocked_runs_wait_time_max_secs=None thread_name=asyncio_1
2026-08-10T17:52:39.731613Z [info     ] Worker stats                   [langgraph_api.metrics_collector] active=0 api_variant=local_dev available=1 langgraph_api_version=0.12.2 max=1 thread_name=asyncio_0
2026-08-10T17:52:50.527657Z [info     ] Worker stats                   [langgraph_runtime_inmem.queue] active=0 api_variant=local_dev available=1 langgraph_api_version=0.12.2 max=1 thread_name=asyncio_1
2026-08-10T17:52:51.041534Z [info     ] Queue stats                    [langgraph_runtime_inmem.queue] api_variant=local_dev langgraph_api_version=0.12.2 n_pending=0 n_running=0 pending_runs_wait_time_max_secs=None pending_runs_wait_time_med_secs=None pending_unblocked_runs_wait_time_max_secs=None thread_name=asyncio_0
2026-08-10T17:53:39.749220Z [info     ] Worker stats                   [langgraph_api.metrics_collector] active=0 api_variant=local_dev available=1 langgraph_api_version=0.12.2 max=1 thread_name=asyncio_0
2026-08-10T17:53:50.771198Z [info     ] Worker stats                   [langgraph_runtime_inmem.queue] active=0 api_variant=local_dev available=1 langgraph_api_version=0.12.2 max=1 thread_name=asyncio_1
2026-08-10T17:53:51.285371Z [info     ] Queue stats                    [langgraph_runtime_inmem.queue] api_variant=local_dev langgraph_api_version=0.12.2 n_pending=0 n_running=0 pending_runs_wait_time_max_secs=None pending_runs_wait_time_med_secs=None pending_unblocked_runs_wait_time_max_secs=None thread_name=asyncio_0
2026-08-10T17:54:39.759034Z [info     ] Worker stats                   [langgraph_api.metrics_collector] active=0 api_variant=local_dev available=1 langgraph_api_version=0.12.2 max=1 thread_name=asyncio_0
2026-08-10T17:54:50.973910Z [info     ] Worker stats                   [langgraph_runtime_inmem.queue] active=0 api_variant=local_dev available=1 langgraph_api_version=0.12.2 max=1 thread_name=asyncio_1
2026-08-10T17:54:51.500274Z [info     ] Queue stats                    [langgraph_runtime_inmem.queue] api_variant=local_dev langgraph_api_version=0.12.2 n_pending=0 n_running=0 pending_runs_wait_time_max_secs=None pending_runs_wait_time_med_secs=None pending_unblocked_runs_wait_time_max_secs=None thread_name=asyncio_0
2026-08-10T17:55:39.773906Z [info     ] Worker stats                   [langgraph_api.metrics_collector] active=0 api_variant=local_dev available=1 langgraph_api_version=0.12.2 max=1 thread_name=asyncio_1
2026-08-10T17:55:51.096096Z [info     ] Worker stats                   [langgraph_runtime_inmem.queue] active=0 api_variant=local_dev available=1 langgraph_api_version=0.12.2 max=1 thread_name=asyncio_0
2026-08-10T17:55:51.610409Z [info     ] Queue stats                    [langgraph_runtime_inmem.queue] api_variant=local_dev langgraph_api_version=0.12.2 n_pending=0 n_running=0 pending_runs_wait_time_max_secs=None pending_runs_wait_time_med_secs=None pending_unblocked_runs_wait_time_max_secs=None thread_name=asyncio_1
2026-08-10T17:56:39.796452Z [info     ] Worker stats                   [langgraph_api.metrics_collector] active=0 api_variant=local_dev available=1 langgraph_api_version=0.12.2 max=1 thread_name=asyncio_0
2026-08-10T17:56:45.068505Z [info     ] HTTP Request: POST https://api.smith.langchain.com/v1/metadata/submit "HTTP/1.1 204 No Content" [httpx] api_variant=local_dev langgraph_api_version=0.12.2 thread_name=MainThread
2026-08-10T17:56:45.071255Z [info     ] Successfully submitted metadata to LangSmith instance [langgraph_api.metadata] api_variant=local_dev langgraph_api_version=0.12.2 n_nodes=0 n_runs=0 thread_name=MainThread
2026-08-10T17:56:51.411833Z [info     ] Worker stats                   [langgraph_runtime_inmem.queue] active=0 api_variant=local_dev available=1 langgraph_api_version=0.12.2 max=1 thread_name=asyncio_0
2026-08-10T17:56:51.926077Z [info     ] Queue stats                    [langgraph_runtime_inmem.queue] api_variant=local_dev langgraph_api_version=0.12.2 n_pending=0 n_running=0 pending_runs_wait_time_max_secs=None pending_runs_wait_time_med_secs=None pending_unblocked_runs_wait_time_max_secs=None thread_name=asyncio_1
2026-08-10T17:57:39.815242Z [info     ] Worker stats                   [langgraph_api.metrics_collector] active=0 api_variant=local_dev available=1 langgraph_api_version=0.12.2 max=1 thread_name=asyncio_0
2026-08-10T17:57:51.615188Z [info     ] Worker stats                   [langgraph_runtime_inmem.queue] active=0 api_variant=local_dev available=1 langgraph_api_version=0.12.2 max=1 thread_name=asyncio_1
2026-08-10T17:57:52.132563Z [info     ] Queue stats                    [langgraph_runtime_inmem.queue] api_variant=local_dev langgraph_api_version=0.12.2 n_pending=0 n_running=0 pending_runs_wait_time_max_secs=None pending_runs_wait_time_med_secs=None pending_unblocked_runs_wait_time_max_secs=None thread_name=asyncio_0
2026-08-10T17:58:39.831407Z [info     ] Worker stats                   [langgraph_api.metrics_collector] active=0 api_variant=local_dev available=1 langgraph_api_version=0.12.2 max=1 thread_name=asyncio_1
2026-08-10T17:58:51.742153Z [info     ] Worker stats                   [langgraph_runtime_inmem.queue] active=0 api_variant=local_dev available=1 langgraph_api_version=0.12.2 max=1 thread_name=asyncio_0
2026-08-10T17:58:52.261349Z [info     ] Queue stats                    [langgraph_runtime_inmem.queue] api_variant=local_dev langgraph_api_version=0.12.2 n_pending=0 n_running=0 pending_runs_wait_time_max_secs=None pending_runs_wait_time_med_secs=None pending_unblocked_runs_wait_time_max_secs=None thread_name=asyncio_1
2026-08-10T17:59:39.844916Z [info     ] Worker stats                   [langgraph_api.metrics_collector] active=0 api_variant=local_dev available=1 langgraph_api_version=0.12.2 max=1 thread_name=asyncio_0
2026-08-10T17:59:51.997257Z [info     ] Worker stats                   [langgraph_runtime_inmem.queue] active=0 api_variant=local_dev available=1 langgraph_api_version=0.12.2 max=1 thread_name=asyncio_1
2026-08-10T17:59:52.513179Z [info     ] Queue stats                    [langgraph_runtime_inmem.queue] api_variant=local_dev langgraph_api_version=0.12.2 n_pending=0 n_running=0 pending_runs_wait_time_max_secs=None pending_runs_wait_time_med_secs=None pending_unblocked_runs_wait_time_max_secs=None thread_name=asyncio_0
2026-08-10T18:00:39.867583Z [info     ] Worker stats                   [langgraph_api.metrics_collector] active=0 api_variant=local_dev available=1 langgraph_api_version=0.12.2 max=1 thread_name=asyncio_1
2026-08-10T18:00:52.320532Z [info     ] Worker stats                   [langgraph_runtime_inmem.queue] active=0 api_variant=local_dev available=1 langgraph_api_version=0.12.2 max=1 thread_name=asyncio_0
2026-08-10T18:00:52.848655Z [info     ] Queue stats                    [langgraph_runtime_inmem.queue] api_variant=local_dev langgraph_api_version=0.12.2 n_pending=0 n_running=0 pending_runs_wait_time_max_secs=None pending_runs_wait_time_med_secs=None pending_unblocked_runs_wait_time_max_secs=None thread_name=asyncio_1
2026-08-10T18:01:39.888361Z [info     ] Worker stats                   [langgraph_api.metrics_collector] active=0 api_variant=local_dev available=1 langgraph_api_version=0.12.2 max=1 thread_name=asyncio_0
2026-08-10T18:01:45.534905Z [info     ] HTTP Request: POST https://api.smith.langchain.com/v1/metadata/submit "HTTP/1.1 204 No Content" [httpx] api_variant=local_dev langgraph_api_version=0.12.2 thread_name=MainThread
2026-08-10T18:01:45.548367Z [info     ] Successfully submitted metadata to LangSmith instance [langgraph_api.metadata] api_variant=local_dev langgraph_api_version=0.12.2 n_nodes=0 n_runs=0 thread_name=MainThread
2026-08-10T18:01:52.597947Z [info     ] Worker stats                   [langgraph_runtime_inmem.queue] active=0 api_variant=local_dev available=1 langgraph_api_version=0.12.2 max=1 thread_name=asyncio_0
2026-08-10T18:01:53.125730Z [info     ] Queue stats                    [langgraph_runtime_inmem.queue] api_variant=local_dev langgraph_api_version=0.12.2 n_pending=0 n_running=0 pending_runs_wait_time_max_secs=None pending_runs_wait_time_med_secs=None pending_unblocked_runs_wait_time_max_secs=None thread_name=asyncio_1
2026-08-10T18:02:39.915392Z [info     ] Worker stats                   [langgraph_api.metrics_collector] active=0 api_variant=local_dev available=1 langgraph_api_version=0.12.2 max=1 thread_name=asyncio_0
2026-08-10T18:02:52.771291Z [info     ] Worker stats                   [langgraph_runtime_inmem.queue] active=0 api_variant=local_dev available=1 langgraph_api_version=0.12.2 max=1 thread_name=asyncio_1
2026-08-10T18:02:53.299591Z [info     ] Queue stats                    [langgraph_runtime_inmem.queue] api_variant=local_dev langgraph_api_version=0.12.2 n_pending=0 n_running=0 pending_runs_wait_time_max_secs=None pending_runs_wait_time_med_secs=None pending_unblocked_runs_wait_time_max_secs=None thread_name=asyncio_0
2026-08-10T18:03:39.934914Z [info     ] Worker stats                   [langgraph_api.metrics_collector] active=0 api_variant=local_dev available=1 langgraph_api_version=0.12.2 max=1 thread_name=asyncio_1
2026-08-10T18:03:53.277854Z [info     ] Worker stats                   [langgraph_runtime_inmem.queue] active=0 api_variant=local_dev available=1 langgraph_api_version=0.12.2 max=1 thread_name=asyncio_0
2026-08-10T18:03:53.807918Z [info     ] Queue stats                    [langgraph_runtime_inmem.queue] api_variant=local_dev langgraph_api_version=0.12.2 n_pending=0 n_running=0 pending_runs_wait_time_max_secs=None pending_runs_wait_time_med_secs=None pending_unblocked_runs_wait_time_max_secs=None thread_name=asyncio_1
2026-08-10T18:04:39.950512Z [info     ] Worker stats                   [langgraph_api.metrics_collector] active=0 api_variant=local_dev available=1 langgraph_api_version=0.12.2 max=1 thread_name=asyncio_0
2026-08-10T18:04:53.751717Z [info     ] Worker stats                   [langgraph_runtime_inmem.queue] active=0 api_variant=local_dev available=1 langgraph_api_version=0.12.2 max=1 thread_name=asyncio_1
2026-08-10T18:04:54.266138Z [info     ] Queue stats                    [langgraph_runtime_inmem.queue] api_variant=local_dev langgraph_api_version=0.12.2 n_pending=0 n_running=0 pending_runs_wait_time_max_secs=None pending_runs_wait_time_med_secs=None pending_unblocked_runs_wait_time_max_secs=None thread_name=asyncio_0
2026-08-10T18:05:39.978561Z [info     ] Worker stats                   [langgraph_api.metrics_collector] active=0 api_variant=local_dev available=1 langgraph_api_version=0.12.2 max=1 thread_name=asyncio_1
2026-08-10T18:05:54.042258Z [info     ] Worker stats                   [langgraph_runtime_inmem.queue] active=0 api_variant=local_dev available=1 langgraph_api_version=0.12.2 max=1 thread_name=asyncio_0
2026-08-10T18:05:54.557436Z [info     ] Queue stats                    [langgraph_runtime_inmem.queue] api_variant=local_dev langgraph_api_version=0.12.2 n_pending=0 n_running=0 pending_runs_wait_time_max_secs=None pending_runs_wait_time_med_secs=None pending_unblocked_runs_wait_time_max_secs=None thread_name=asyncio_1
2026-08-10T18:06:39.999872Z [info     ] Worker stats                   [langgraph_api.metrics_collector] active=0 api_variant=local_dev available=1 langgraph_api_version=0.12.2 max=1 thread_name=asyncio_0
2026-08-10T18:06:45.928317Z [info     ] HTTP Request: POST https://api.smith.langchain.com/v1/metadata/submit "HTTP/1.1 204 No Content" [httpx] api_variant=local_dev langgraph_api_version=0.12.2 thread_name=MainThread
2026-08-10T18:06:45.942203Z [info     ] Successfully submitted metadata to LangSmith instance [langgraph_api.metadata] api_variant=local_dev langgraph_api_version=0.12.2 n_nodes=0 n_runs=0 thread_name=MainThread
2026-08-10T18:06:54.318133Z [info     ] Worker stats                   [langgraph_runtime_inmem.queue] active=0 api_variant=local_dev available=1 langgraph_api_version=0.12.2 max=1 thread_name=asyncio_0
2026-08-10T18:06:54.831330Z [info     ] Queue stats                    [langgraph_runtime_inmem.queue] api_variant=local_dev langgraph_api_version=0.12.2 n_pending=0 n_running=0 pending_runs_wait_time_max_secs=None pending_runs_wait_time_med_secs=None pending_unblocked_runs_wait_time_max_secs=None thread_name=asyncio_1
2026-08-10T18:07:40.010427Z [info     ] Worker stats                   [langgraph_api.metrics_collector] active=0 api_variant=local_dev available=1 langgraph_api_version=0.12.2 max=1 thread_name=asyncio_0
2026-08-10T18:07:54.547255Z [info     ] Worker stats                   [langgraph_runtime_inmem.queue] active=0 api_variant=local_dev available=1 langgraph_api_version=0.12.2 max=1 thread_name=asyncio_1
2026-08-10T18:07:55.062375Z [info     ] Queue stats                    [langgraph_runtime_inmem.queue] api_variant=local_dev langgraph_api_version=0.12.2 n_pending=0 n_running=0 pending_runs_wait_time_max_secs=None pending_runs_wait_time_med_secs=None pending_unblocked_runs_wait_time_max_secs=None thread_name=asyncio_0
2026-08-10T18:08:40.028785Z [info     ] Worker stats                   [langgraph_api.metrics_collector] active=0 api_variant=local_dev available=1 langgraph_api_version=0.12.2 max=1 thread_name=asyncio_1
2026-08-10T18:08:54.778215Z [info     ] Worker stats                   [langgraph_runtime_inmem.queue] active=0 api_variant=local_dev available=1 langgraph_api_version=0.12.2 max=1 thread_name=asyncio_0
2026-08-10T18:08:55.294541Z [info     ] Queue stats                    [langgraph_runtime_inmem.queue] api_variant=local_dev langgraph_api_version=0.12.2 n_pending=0 n_running=0 pending_runs_wait_time_max_secs=None pending_runs_wait_time_med_secs=None pending_unblocked_runs_wait_time_max_secs=None thread_name=asyncio_1
2026-08-10T18:09:40.054465Z [info     ] Worker stats                   [langgraph_api.metrics_collector] active=0 api_variant=local_dev available=1 langgraph_api_version=0.12.2 max=1 thread_name=asyncio_0
2026-08-10T18:09:54.966295Z [info     ] Worker stats                   [langgraph_runtime_inmem.queue] active=0 api_variant=local_dev available=1 langgraph_api_version=0.12.2 max=1 thread_name=asyncio_1
2026-08-10T18:09:55.482741Z [info     ] Queue stats                    [langgraph_runtime_inmem.queue] api_variant=local_dev langgraph_api_version=0.12.2 n_pending=0 n_running=0 pending_runs_wait_time_max_secs=None pending_runs_wait_time_med_secs=None pending_unblocked_runs_wait_time_max_secs=None thread_name=asyncio_0
2026-08-10T18:10:40.064782Z [info     ] Worker stats                   [langgraph_api.metrics_collector] active=0 api_variant=local_dev available=1 langgraph_api_version=0.12.2 max=1 thread_name=asyncio_1
2026-08-10T18:10:55.206301Z [info     ] Worker stats                   [langgraph_runtime_inmem.queue] active=0 api_variant=local_dev available=1 langgraph_api_version=0.12.2 max=1 thread_name=asyncio_0
2026-08-10T18:10:55.721786Z [info     ] Queue stats                    [langgraph_runtime_inmem.queue] api_variant=local_dev langgraph_api_version=0.12.2 n_pending=0 n_running=0 pending_runs_wait_time_max_secs=None pending_runs_wait_time_med_secs=None pending_unblocked_runs_wait_time_max_secs=None thread_name=asyncio_1
2026-08-10T18:11:40.079160Z [info     ] Worker stats                   [langgraph_api.metrics_collector] active=0 api_variant=local_dev available=1 langgraph_api_version=0.12.2 max=1 thread_name=asyncio_0
2026-08-10T18:11:46.923182Z [info     ] HTTP Request: POST https://api.smith.langchain.com/v1/metadata/submit "HTTP/1.1 204 No Content" [httpx] api_variant=local_dev langgraph_api_version=0.12.2 thread_name=MainThread
2026-08-10T18:11:46.926746Z [info     ] Successfully submitted metadata to LangSmith instance [langgraph_api.metadata] api_variant=local_dev langgraph_api_version=0.12.2 n_nodes=0 n_runs=0 thread_name=MainThread
2026-08-10T18:11:55.254925Z [info     ] Worker stats                   [langgraph_runtime_inmem.queue] active=0 api_variant=local_dev available=1 langgraph_api_version=0.12.2 max=1 thread_name=asyncio_0
2026-08-10T18:11:55.770234Z [info     ] Queue stats                    [langgraph_runtime_inmem.queue] api_variant=local_dev langgraph_api_version=0.12.2 n_pending=0 n_running=0 pending_runs_wait_time_max_secs=None pending_runs_wait_time_med_secs=None pending_unblocked_runs_wait_time_max_secs=None thread_name=asyncio_1
2026-08-10T18:12:40.084537Z [info     ] Worker stats                   [langgraph_api.metrics_collector] active=0 api_variant=local_dev available=1 langgraph_api_version=0.12.2 max=1 thread_name=asyncio_0
2026-08-10T18:12:55.453516Z [info     ] Worker stats                   [langgraph_runtime_inmem.queue] active=0 api_variant=local_dev available=1 langgraph_api_version=0.12.2 max=1 thread_name=asyncio_1
2026-08-10T18:12:55.967494Z [info     ] Queue stats                    [langgraph_runtime_inmem.queue] api_variant=local_dev langgraph_api_version=0.12.2 n_pending=0 n_running=0 pending_runs_wait_time_max_secs=None pending_runs_wait_time_med_secs=None pending_unblocked_runs_wait_time_max_secs=None thread_name=asyncio_0
2026-08-10T18:13:40.093700Z [info     ] Worker stats                   [langgraph_api.metrics_collector] active=0 api_variant=local_dev available=1 langgraph_api_version=0.12.2 max=1 thread_name=asyncio_1
2026-08-10T18:13:55.472637Z [info     ] Worker stats                   [langgraph_runtime_inmem.queue] active=0 api_variant=local_dev available=1 langgraph_api_version=0.12.2 max=1 thread_name=asyncio_0
2026-08-10T18:13:55.988190Z [info     ] Queue stats                    [langgraph_runtime_inmem.queue] api_variant=local_dev langgraph_api_version=0.12.2 n_pending=0 n_running=0 pending_runs_wait_time_max_secs=None pending_runs_wait_time_med_secs=None pending_unblocked_runs_wait_time_max_secs=None thread_name=asyncio_1
2026-08-10T18:14:40.103331Z [info     ] Worker stats                   [langgraph_api.metrics_collector] active=0 api_variant=local_dev available=1 langgraph_api_version=0.12.2 max=1 thread_name=asyncio_0
2026-08-10T18:14:55.883502Z [info     ] Worker stats                   [langgraph_runtime_inmem.queue] active=0 api_variant=local_dev available=1 langgraph_api_version=0.12.2 max=1 thread_name=asyncio_1
2026-08-10T18:14:56.396782Z [info     ] Queue stats                    [langgraph_runtime_inmem.queue] api_variant=local_dev langgraph_api_version=0.12.2 n_pending=0 n_running=0 pending_runs_wait_time_max_secs=None pending_runs_wait_time_med_secs=None pending_unblocked_runs_wait_time_max_secs=None thread_name=asyncio_0
2026-08-10T18:15:40.119222Z [info     ] Worker stats                   [langgraph_api.metrics_collector] active=0 api_variant=local_dev available=1 langgraph_api_version=0.12.2 max=1 thread_name=asyncio_1
2026-08-10T18:15:56.116208Z [info     ] Worker stats                   [langgraph_runtime_inmem.queue] active=0 api_variant=local_dev available=1 langgraph_api_version=0.12.2 max=1 thread_name=asyncio_0
2026-08-10T18:15:56.626890Z [info     ] Queue stats                    [langgraph_runtime_inmem.queue] api_variant=local_dev langgraph_api_version=0.12.2 n_pending=0 n_running=0 pending_runs_wait_time_max_secs=None pending_runs_wait_time_med_secs=None pending_unblocked_runs_wait_time_max_secs=None thread_name=asyncio_1
2026-08-10T18:16:40.131996Z [info     ] Worker stats                   [langgraph_api.metrics_collector] active=0 api_variant=local_dev available=1 langgraph_api_version=0.12.2 max=1 thread_name=asyncio_0
2026-08-10T18:16:48.251296Z [info     ] HTTP Request: POST https://api.smith.langchain.com/v1/metadata/submit "HTTP/1.1 204 No Content" [httpx] api_variant=local_dev langgraph_api_version=0.12.2 thread_name=MainThread
2026-08-10T18:16:48.255548Z [info     ] Successfully submitted metadata to LangSmith instance [langgraph_api.metadata] api_variant=local_dev langgraph_api_version=0.12.2 n_nodes=0 n_runs=0 thread_name=MainThread
2026-08-10T18:16:56.331674Z [info     ] Worker stats                   [langgraph_runtime_inmem.queue] active=0 api_variant=local_dev available=1 langgraph_api_version=0.12.2 max=1 thread_name=asyncio_0
2026-08-10T18:16:56.845826Z [info     ] Queue stats                    [langgraph_runtime_inmem.queue] api_variant=local_dev langgraph_api_version=0.12.2 n_pending=0 n_running=0 pending_runs_wait_time_max_secs=None pending_runs_wait_time_med_secs=None pending_unblocked_runs_wait_time_max_secs=None thread_name=asyncio_1
2026-08-10T18:17:40.150121Z [info     ] Worker stats                   [langgraph_api.metrics_collector] active=0 api_variant=local_dev available=1 langgraph_api_version=0.12.2 max=1 thread_name=asyncio_0
2026-08-10T18:17:56.557397Z [info     ] Worker stats                   [langgraph_runtime_inmem.queue] active=0 api_variant=local_dev available=1 langgraph_api_version=0.12.2 max=1 thread_name=asyncio_1
2026-08-10T18:17:57.072960Z [info     ] Queue stats                    [langgraph_runtime_inmem.queue] api_variant=local_dev langgraph_api_version=0.12.2 n_pending=0 n_running=0 pending_runs_wait_time_max_secs=None pending_runs_wait_time_med_secs=None pending_unblocked_runs_wait_time_max_secs=None thread_name=asyncio_0
2026-08-10T18:18:40.161139Z [info     ] Worker stats                   [langgraph_api.metrics_collector] active=0 api_variant=local_dev available=1 langgraph_api_version=0.12.2 max=1 thread_name=asyncio_1
2026-08-10T18:18:56.834571Z [info     ] Worker stats                   [langgraph_runtime_inmem.queue] active=0 api_variant=local_dev available=1 langgraph_api_version=0.12.2 max=1 thread_name=asyncio_0
2026-08-10T18:18:57.346437Z [info     ] Queue stats                    [langgraph_runtime_inmem.queue] api_variant=local_dev langgraph_api_version=0.12.2 n_pending=0 n_running=0 pending_runs_wait_time_max_secs=None pending_runs_wait_time_med_secs=None pending_unblocked_runs_wait_time_max_secs=None thread_name=asyncio_1
2026-08-10T18:19:40.175845Z [info     ] Worker stats                   [langgraph_api.metrics_collector] active=0 api_variant=local_dev available=1 langgraph_api_version=0.12.2 max=1 thread_name=asyncio_0
2026-08-10T18:19:57.208566Z [info     ] Worker stats                   [langgraph_runtime_inmem.queue] active=0 api_variant=local_dev available=1 langgraph_api_version=0.12.2 max=1 thread_name=asyncio_1
2026-08-10T18:19:57.722448Z [info     ] Queue stats                    [langgraph_runtime_inmem.queue] api_variant=local_dev langgraph_api_version=0.12.2 n_pending=0 n_running=0 pending_runs_wait_time_max_secs=None pending_runs_wait_time_med_secs=None pending_unblocked_runs_wait_time_max_secs=None thread_name=asyncio_0
2026-08-10T18:20:40.193406Z [info     ] Worker stats                   [langgraph_api.metrics_collector] active=0 api_variant=local_dev available=1 langgraph_api_version=0.12.2 max=1 thread_name=asyncio_1
2026-08-10T18:20:57.239422Z [info     ] Worker stats                   [langgraph_runtime_inmem.queue] active=0 api_variant=local_dev available=1 langgraph_api_version=0.12.2 max=1 thread_name=asyncio_0
2026-08-10T18:20:57.757284Z [info     ] Queue stats                    [langgraph_runtime_inmem.queue] api_variant=local_dev langgraph_api_version=0.12.2 n_pending=0 n_running=0 pending_runs_wait_time_max_secs=None pending_runs_wait_time_med_secs=None pending_unblocked_runs_wait_time_max_secs=None thread_name=asyncio_1
2026-08-10T18:21:40.212235Z [info     ] Worker stats                   [langgraph_api.metrics_collector] active=0 api_variant=local_dev available=1 langgraph_api_version=0.12.2 max=1 thread_name=asyncio_0
2026-08-10T18:21:49.243582Z [info     ] HTTP Request: POST https://api.smith.langchain.com/v1/metadata/submit "HTTP/1.1 204 No Content" [httpx] api_variant=local_dev langgraph_api_version=0.12.2 thread_name=MainThread
2026-08-10T18:21:49.249534Z [info     ] Successfully submitted metadata to LangSmith instance [langgraph_api.metadata] api_variant=local_dev langgraph_api_version=0.12.2 n_nodes=0 n_runs=0 thread_name=MainThread
2026-08-10T18:21:57.374522Z [info     ] Worker stats                   [langgraph_runtime_inmem.queue] active=0 api_variant=local_dev available=1 langgraph_api_version=0.12.2 max=1 thread_name=asyncio_0
2026-08-10T18:21:57.888891Z [info     ] Queue stats                    [langgraph_runtime_inmem.queue] api_variant=local_dev langgraph_api_version=0.12.2 n_pending=0 n_running=0 pending_runs_wait_time_max_secs=None pending_runs_wait_time_med_secs=None pending_unblocked_runs_wait_time_max_secs=None thread_name=asyncio_1
2026-08-10T18:22:40.235177Z [info     ] Worker stats                   [langgraph_api.metrics_collector] active=0 api_variant=local_dev available=1 langgraph_api_version=0.12.2 max=1 thread_name=asyncio_0
2026-08-10T18:22:57.722033Z [info     ] Worker stats                   [langgraph_runtime_inmem.queue] active=0 api_variant=local_dev available=1 langgraph_api_version=0.12.2 max=1 thread_name=asyncio_1
2026-08-10T18:22:58.236644Z [info     ] Queue stats                    [langgraph_runtime_inmem.queue] api_variant=local_dev langgraph_api_version=0.12.2 n_pending=0 n_running=0 pending_runs_wait_time_max_secs=None pending_runs_wait_time_med_secs=None pending_unblocked_runs_wait_time_max_secs=None thread_name=asyncio_0
2026-08-10T18:23:40.252307Z [info     ] Worker stats                   [langgraph_api.metrics_collector] active=0 api_variant=local_dev available=1 langgraph_api_version=0.12.2 max=1 thread_name=asyncio_1
2026-08-10T18:23:58.023587Z [info     ] Worker stats                   [langgraph_runtime_inmem.queue] active=0 api_variant=local_dev available=1 langgraph_api_version=0.12.2 max=1 thread_name=asyncio_0
2026-08-10T18:23:58.539426Z [info     ] Queue stats                    [langgraph_runtime_inmem.queue] api_variant=local_dev langgraph_api_version=0.12.2 n_pending=0 n_running=0 pending_runs_wait_time_max_secs=None pending_runs_wait_time_med_secs=None pending_unblocked_runs_wait_time_max_secs=None thread_name=asyncio_1
2026-08-10T18:24:40.269419Z [info     ] Worker stats                   [langgraph_api.metrics_collector] active=0 api_variant=local_dev available=1 langgraph_api_version=0.12.2 max=1 thread_name=asyncio_0
2026-08-10T18:24:58.040468Z [info     ] Worker stats                   [langgraph_runtime_inmem.queue] active=0 api_variant=local_dev available=1 langgraph_api_version=0.12.2 max=1 thread_name=asyncio_1
2026-08-10T18:24:58.556271Z [info     ] Queue stats                    [langgraph_runtime_inmem.queue] api_variant=local_dev langgraph_api_version=0.12.2 n_pending=0 n_running=0 pending_runs_wait_time_max_secs=None pending_runs_wait_time_med_secs=None pending_unblocked_runs_wait_time_max_secs=None thread_name=asyncio_0
2026-08-10T18:27:09.022035Z [info     ] Worker stats                   [langgraph_runtime_inmem.queue] active=0 api_variant=local_dev available=1 langgraph_api_version=0.12.2 max=1 thread_name=asyncio_1
2026-08-10T18:27:09.022308Z [info     ] Worker stats                   [langgraph_api.metrics_collector] active=0 api_variant=local_dev available=1 langgraph_api_version=0.12.2 max=1 thread_name=asyncio_0
2026-08-10T18:27:09.611999Z [info     ] Queue stats                    [langgraph_runtime_inmem.queue] api_variant=local_dev langgraph_api_version=0.12.2 n_pending=0 n_running=0 pending_runs_wait_time_max_secs=None pending_runs_wait_time_med_secs=None pending_unblocked_runs_wait_time_max_secs=None thread_name=asyncio_0
2026-08-10T18:27:10.694735Z [info     ] HTTP Request: POST https://api.smith.langchain.com/v1/metadata/submit "HTTP/1.1 204 No Content" [httpx] api_variant=local_dev langgraph_api_version=0.12.2 thread_name=MainThread
2026-08-10T18:27:10.698983Z [info     ] Successfully submitted metadata to LangSmith instance [langgraph_api.metadata] api_variant=local_dev langgraph_api_version=0.12.2 n_nodes=0 n_runs=0 thread_name=MainThread
2026-08-10T18:28:09.118337Z [info     ] Worker stats                   [langgraph_api.metrics_collector] active=0 api_variant=local_dev available=1 langgraph_api_version=0.12.2 max=1 thread_name=asyncio_2
2026-08-10T18:28:09.319474Z [info     ] Worker stats                   [langgraph_runtime_inmem.queue] active=0 api_variant=local_dev available=1 langgraph_api_version=0.12.2 max=1 thread_name=asyncio_0
2026-08-10T18:28:09.834368Z [info     ] Queue stats                    [langgraph_runtime_inmem.queue] api_variant=local_dev langgraph_api_version=0.12.2 n_pending=0 n_running=0 pending_runs_wait_time_max_secs=None pending_runs_wait_time_med_secs=None pending_unblocked_runs_wait_time_max_secs=None thread_name=asyncio_1
2026-08-10T18:29:09.131678Z [info     ] Worker stats                   [langgraph_api.metrics_collector] active=0 api_variant=local_dev available=1 langgraph_api_version=0.12.2 max=1 thread_name=asyncio_2
2026-08-10T18:29:09.350181Z [info     ] Worker stats                   [langgraph_runtime_inmem.queue] active=0 api_variant=local_dev available=1 langgraph_api_version=0.12.2 max=1 thread_name=asyncio_0
2026-08-10T18:29:09.862625Z [info     ] Queue stats                    [langgraph_runtime_inmem.queue] api_variant=local_dev langgraph_api_version=0.12.2 n_pending=0 n_running=0 pending_runs_wait_time_max_secs=None pending_runs_wait_time_med_secs=None pending_unblocked_runs_wait_time_max_secs=None thread_name=asyncio_1
2026-08-10T18:30:09.150579Z [info     ] Worker stats                   [langgraph_api.metrics_collector] active=0 api_variant=local_dev available=1 langgraph_api_version=0.12.2 max=1 thread_name=asyncio_2
2026-08-10T18:30:09.414894Z [info     ] Worker stats                   [langgraph_runtime_inmem.queue] active=0 api_variant=local_dev available=1 langgraph_api_version=0.12.2 max=1 thread_name=asyncio_0
2026-08-10T18:30:09.936189Z [info     ] Queue stats                    [langgraph_runtime_inmem.queue] api_variant=local_dev langgraph_api_version=0.12.2 n_pending=0 n_running=0 pending_runs_wait_time_max_secs=None pending_runs_wait_time_med_secs=None pending_unblocked_runs_wait_time_max_secs=None thread_name=asyncio_1
2026-08-10T18:31:09.166246Z [info     ] Worker stats                   [langgraph_api.metrics_collector] active=0 api_variant=local_dev available=1 langgraph_api_version=0.12.2 max=1 thread_name=asyncio_2
2026-08-10T18:31:09.712052Z [info     ] Worker stats                   [langgraph_runtime_inmem.queue] active=0 api_variant=local_dev available=1 langgraph_api_version=0.12.2 max=1 thread_name=asyncio_0
2026-08-10T18:31:10.228468Z [info     ] Queue stats                    [langgraph_runtime_inmem.queue] api_variant=local_dev langgraph_api_version=0.12.2 n_pending=0 n_running=0 pending_runs_wait_time_max_secs=None pending_runs_wait_time_med_secs=None pending_unblocked_runs_wait_time_max_secs=None thread_name=asyncio_1
2026-08-10T18:32:09.179453Z [info     ] Worker stats                   [langgraph_api.metrics_collector] active=0 api_variant=local_dev available=1 langgraph_api_version=0.12.2 max=1 thread_name=asyncio_2
2026-08-10T18:32:10.081109Z [info     ] Worker stats                   [langgraph_runtime_inmem.queue] active=0 api_variant=local_dev available=1 langgraph_api_version=0.12.2 max=1 thread_name=asyncio_0
2026-08-10T18:32:10.610760Z [info     ] Queue stats                    [langgraph_runtime_inmem.queue] api_variant=local_dev langgraph_api_version=0.12.2 n_pending=0 n_running=0 pending_runs_wait_time_max_secs=None pending_runs_wait_time_med_secs=None pending_unblocked_runs_wait_time_max_secs=None thread_name=asyncio_1
2026-08-10T18:32:11.014686Z [info     ] HTTP Request: POST https://api.smith.langchain.com/v1/metadata/submit "HTTP/1.1 204 No Content" [httpx] api_variant=local_dev langgraph_api_version=0.12.2 thread_name=MainThread
2026-08-10T18:32:11.023878Z [info     ] Successfully submitted metadata to LangSmith instance [langgraph_api.metadata] api_variant=local_dev langgraph_api_version=0.12.2 n_nodes=0 n_runs=0 thread_name=MainThread
2026-08-10T18:33:09.498514Z [info     ] Worker stats                   [langgraph_api.metrics_collector] active=0 api_variant=local_dev available=1 langgraph_api_version=0.12.2 max=1 thread_name=asyncio_0
2026-08-10T18:33:10.689387Z [info     ] Worker stats                   [langgraph_runtime_inmem.queue] active=0 api_variant=local_dev available=1 langgraph_api_version=0.12.2 max=1 thread_name=asyncio_1
2026-08-10T18:33:11.222318Z [info     ] Queue stats                    [langgraph_runtime_inmem.queue] api_variant=local_dev langgraph_api_version=0.12.2 n_pending=0 n_running=0 pending_runs_wait_time_max_secs=None pending_runs_wait_time_med_secs=None pending_unblocked_runs_wait_time_max_secs=None thread_name=asyncio_2
2026-08-10T18:34:09.912084Z [info     ] Worker stats                   [langgraph_api.metrics_collector] active=0 api_variant=local_dev available=1 langgraph_api_version=0.12.2 max=1 thread_name=asyncio_0
2026-08-10T18:34:11.264666Z [info     ] Worker stats                   [langgraph_runtime_inmem.queue] active=0 api_variant=local_dev available=1 langgraph_api_version=0.12.2 max=1 thread_name=asyncio_1
2026-08-10T18:34:11.786089Z [info     ] Queue stats                    [langgraph_runtime_inmem.queue] api_variant=local_dev langgraph_api_version=0.12.2 n_pending=0 n_running=0 pending_runs_wait_time_max_secs=None pending_runs_wait_time_med_secs=None pending_unblocked_runs_wait_time_max_secs=None thread_name=asyncio_2
2026-08-10T18:35:10.331640Z [info     ] Worker stats                   [langgraph_api.metrics_collector] active=0 api_variant=local_dev available=1 langgraph_api_version=0.12.2 max=1 thread_name=asyncio_0
2026-08-10T18:35:12.036376Z [info     ] Worker stats                   [langgraph_runtime_inmem.queue] active=0 api_variant=local_dev available=1 langgraph_api_version=0.12.2 max=1 thread_name=asyncio_1
2026-08-10T18:35:12.552259Z [info     ] Queue stats                    [langgraph_runtime_inmem.queue] api_variant=local_dev langgraph_api_version=0.12.2 n_pending=0 n_running=0 pending_runs_wait_time_max_secs=None pending_runs_wait_time_med_secs=None pending_unblocked_runs_wait_time_max_secs=None thread_name=asyncio_2
2026-08-10T18:36:10.743839Z [info     ] Worker stats                   [langgraph_api.metrics_collector] active=0 api_variant=local_dev available=1 langgraph_api_version=0.12.2 max=1 thread_name=asyncio_0
2026-08-10T18:36:12.899016Z [info     ] Worker stats                   [langgraph_runtime_inmem.queue] active=0 api_variant=local_dev available=1 langgraph_api_version=0.12.2 max=1 thread_name=asyncio_1
2026-08-10T18:36:13.416031Z [info     ] Queue stats                    [langgraph_runtime_inmem.queue] api_variant=local_dev langgraph_api_version=0.12.2 n_pending=0 n_running=0 pending_runs_wait_time_max_secs=None pending_runs_wait_time_med_secs=None pending_unblocked_runs_wait_time_max_secs=None thread_name=asyncio_2
2026-08-10T18:37:11.164858Z [info     ] Worker stats                   [langgraph_api.metrics_collector] active=0 api_variant=local_dev available=1 langgraph_api_version=0.12.2 max=1 thread_name=asyncio_0
2026-08-10T18:37:13.217413Z [info     ] HTTP Request: POST https://api.smith.langchain.com/v1/metadata/submit "HTTP/1.1 204 No Content" [httpx] api_variant=local_dev langgraph_api_version=0.12.2 thread_name=MainThread
2026-08-10T18:37:13.221047Z [info     ] Successfully submitted metadata to LangSmith instance [langgraph_api.metadata] api_variant=local_dev langgraph_api_version=0.12.2 n_nodes=0 n_runs=0 thread_name=MainThread
2026-08-10T18:37:13.637116Z [info     ] Worker stats                   [langgraph_runtime_inmem.queue] active=0 api_variant=local_dev available=1 langgraph_api_version=0.12.2 max=1 thread_name=asyncio_2
2026-08-10T18:37:14.157382Z [info     ] Queue stats                    [langgraph_runtime_inmem.queue] api_variant=local_dev langgraph_api_version=0.12.2 n_pending=0 n_running=0 pending_runs_wait_time_max_secs=None pending_runs_wait_time_med_secs=None pending_unblocked_runs_wait_time_max_secs=None thread_name=asyncio_0
2026-08-10T18:38:11.294577Z [info     ] Worker stats                   [langgraph_api.metrics_collector] active=0 api_variant=local_dev available=1 langgraph_api_version=0.12.2 max=1 thread_name=asyncio_1
2026-08-10T18:38:13.971318Z [info     ] Worker stats                   [langgraph_runtime_inmem.queue] active=0 api_variant=local_dev available=1 langgraph_api_version=0.12.2 max=1 thread_name=asyncio_2
2026-08-10T18:38:14.499504Z [info     ] Queue stats                    [langgraph_runtime_inmem.queue] api_variant=local_dev langgraph_api_version=0.12.2 n_pending=0 n_running=0 pending_runs_wait_time_max_secs=None pending_runs_wait_time_med_secs=None pending_unblocked_runs_wait_time_max_secs=None thread_name=asyncio_0
2026-08-10T18:39:11.313956Z [info     ] Worker stats                   [langgraph_api.metrics_collector] active=0 api_variant=local_dev available=1 langgraph_api_version=0.12.2 max=1 thread_name=asyncio_1
2026-08-10T18:39:14.326110Z [info     ] Worker stats                   [langgraph_runtime_inmem.queue] active=0 api_variant=local_dev available=1 langgraph_api_version=0.12.2 max=1 thread_name=asyncio_2
2026-08-10T18:39:14.855108Z [info     ] Queue stats                    [langgraph_runtime_inmem.queue] api_variant=local_dev langgraph_api_version=0.12.2 n_pending=0 n_running=0 pending_runs_wait_time_max_secs=None pending_runs_wait_time_med_secs=None pending_unblocked_runs_wait_time_max_secs=None thread_name=asyncio_0
2026-08-10T18:40:11.327998Z [info     ] Worker stats                   [langgraph_api.metrics_collector] active=0 api_variant=local_dev available=1 langgraph_api_version=0.12.2 max=1 thread_name=asyncio_1
2026-08-10T18:40:14.684521Z [info     ] Worker stats                   [langgraph_runtime_inmem.queue] active=0 api_variant=local_dev available=1 langgraph_api_version=0.12.2 max=1 thread_name=asyncio_2
2026-08-10T18:40:15.200613Z [info     ] Queue stats                    [langgraph_runtime_inmem.queue] api_variant=local_dev langgraph_api_version=0.12.2 n_pending=0 n_running=0 pending_runs_wait_time_max_secs=None pending_runs_wait_time_med_secs=None pending_unblocked_runs_wait_time_max_secs=None thread_name=asyncio_0
2026-08-10T18:41:11.344206Z [info     ] Worker stats                   [langgraph_api.metrics_collector] active=0 api_variant=local_dev available=1 langgraph_api_version=0.12.2 max=1 thread_name=asyncio_1
2026-08-10T18:41:15.099431Z [info     ] Worker stats                   [langgraph_runtime_inmem.queue] active=0 api_variant=local_dev available=1 langgraph_api_version=0.12.2 max=1 thread_name=asyncio_2
2026-08-10T18:41:15.629165Z [info     ] Queue stats                    [langgraph_runtime_inmem.queue] api_variant=local_dev langgraph_api_version=0.12.2 n_pending=0 n_running=0 pending_runs_wait_time_max_secs=None pending_runs_wait_time_med_secs=None pending_unblocked_runs_wait_time_max_secs=None thread_name=asyncio_0
2026-08-10T18:42:11.356475Z [info     ] Worker stats                   [langgraph_api.metrics_collector] active=0 api_variant=local_dev available=1 langgraph_api_version=0.12.2 max=1 thread_name=asyncio_1
2026-08-10T18:42:13.629680Z [info     ] HTTP Request: POST https://api.smith.langchain.com/v1/metadata/submit "HTTP/1.1 204 No Content" [httpx] api_variant=local_dev langgraph_api_version=0.12.2 thread_name=MainThread
2026-08-10T18:42:13.640604Z [info     ] Successfully submitted metadata to LangSmith instance [langgraph_api.metadata] api_variant=local_dev langgraph_api_version=0.12.2 n_nodes=0 n_runs=0 thread_name=MainThread
2026-08-10T18:42:15.467689Z [info     ] Worker stats                   [langgraph_runtime_inmem.queue] active=0 api_variant=local_dev available=1 langgraph_api_version=0.12.2 max=1 thread_name=asyncio_0
2026-08-10T18:42:15.996812Z [info     ] Queue stats                    [langgraph_runtime_inmem.queue] api_variant=local_dev langgraph_api_version=0.12.2 n_pending=0 n_running=0 pending_runs_wait_time_max_secs=None pending_runs_wait_time_med_secs=None pending_unblocked_runs_wait_time_max_secs=None thread_name=asyncio_1
2026-08-10T18:43:11.378554Z [info     ] Worker stats                   [langgraph_api.metrics_collector] active=0 api_variant=local_dev available=1 langgraph_api_version=0.12.2 max=1 thread_name=asyncio_2
2026-08-10T18:43:15.711869Z [info     ] Worker stats                   [langgraph_runtime_inmem.queue] active=0 api_variant=local_dev available=1 langgraph_api_version=0.12.2 max=1 thread_name=asyncio_0
2026-08-10T18:43:16.238898Z [info     ] Queue stats                    [langgraph_runtime_inmem.queue] api_variant=local_dev langgraph_api_version=0.12.2 n_pending=0 n_running=0 pending_runs_wait_time_max_secs=None pending_runs_wait_time_med_secs=None pending_unblocked_runs_wait_time_max_secs=None thread_name=asyncio_1
2026-08-10T18:44:11.391319Z [info     ] Worker stats                   [langgraph_api.metrics_collector] active=0 api_variant=local_dev available=1 langgraph_api_version=0.12.2 max=1 thread_name=asyncio_2
2026-08-10T18:44:15.788388Z [info     ] Worker stats                   [langgraph_runtime_inmem.queue] active=0 api_variant=local_dev available=1 langgraph_api_version=0.12.2 max=1 thread_name=asyncio_0
2026-08-10T18:44:16.306594Z [info     ] Queue stats                    [langgraph_runtime_inmem.queue] api_variant=local_dev langgraph_api_version=0.12.2 n_pending=0 n_running=0 pending_runs_wait_time_max_secs=None pending_runs_wait_time_med_secs=None pending_unblocked_runs_wait_time_max_secs=None thread_name=asyncio_1
2026-08-10T18:45:11.408392Z [info     ] Worker stats                   [langgraph_api.metrics_collector] active=0 api_variant=local_dev available=1 langgraph_api_version=0.12.2 max=1 thread_name=asyncio_2
2026-08-10T18:45:15.822742Z [info     ] Worker stats                   [langgraph_runtime_inmem.queue] active=0 api_variant=local_dev available=1 langgraph_api_version=0.12.2 max=1 thread_name=asyncio_0
2026-08-10T18:45:16.342783Z [info     ] Queue stats                    [langgraph_runtime_inmem.queue] api_variant=local_dev langgraph_api_version=0.12.2 n_pending=0 n_running=0 pending_runs_wait_time_max_secs=None pending_runs_wait_time_med_secs=None pending_unblocked_runs_wait_time_max_secs=None thread_name=asyncio_1
2026-08-10T18:46:11.426552Z [info     ] Worker stats                   [langgraph_api.metrics_collector] active=0 api_variant=local_dev available=1 langgraph_api_version=0.12.2 max=1 thread_name=asyncio_2
2026-08-10T18:46:15.893166Z [info     ] Worker stats                   [langgraph_runtime_inmem.queue] active=0 api_variant=local_dev available=1 langgraph_api_version=0.12.2 max=1 thread_name=asyncio_0
2026-08-10T18:46:16.409749Z [info     ] Queue stats                    [langgraph_runtime_inmem.queue] api_variant=local_dev langgraph_api_version=0.12.2 n_pending=0 n_running=0 pending_runs_wait_time_max_secs=None pending_runs_wait_time_med_secs=None pending_unblocked_runs_wait_time_max_secs=None thread_name=asyncio_1
2026-08-10T18:47:11.441949Z [info     ] Worker stats                   [langgraph_api.metrics_collector] active=0 api_variant=local_dev available=1 langgraph_api_version=0.12.2 max=1 thread_name=asyncio_2
2026-08-10T18:47:16.049351Z [info     ] Worker stats                   [langgraph_runtime_inmem.queue] active=0 api_variant=local_dev available=1 langgraph_api_version=0.12.2 max=1 thread_name=asyncio_1
2026-08-10T18:47:16.565642Z [info     ] Queue stats                    [langgraph_runtime_inmem.queue] api_variant=local_dev langgraph_api_version=0.12.2 n_pending=0 n_running=0 pending_runs_wait_time_max_secs=None pending_runs_wait_time_med_secs=None pending_unblocked_runs_wait_time_max_secs=None thread_name=asyncio_2
2026-08-10T18:47:18.946360Z [info     ] HTTP Request: POST https://api.smith.langchain.com/v1/metadata/submit "HTTP/1.1 204 No Content" [httpx] api_variant=local_dev langgraph_api_version=0.12.2 thread_name=MainThread
2026-08-10T18:47:18.951131Z [info     ] Successfully submitted metadata to LangSmith instance [langgraph_api.metadata] api_variant=local_dev langgraph_api_version=0.12.2 n_nodes=0 n_runs=0 thread_name=MainThread
2026-08-10T18:48:11.453375Z [info     ] Worker stats                   [langgraph_api.metrics_collector] active=0 api_variant=local_dev available=1 langgraph_api_version=0.12.2 max=1 thread_name=asyncio_2
2026-08-10T18:48:16.258828Z [info     ] Worker stats                   [langgraph_runtime_inmem.queue] active=0 api_variant=local_dev available=1 langgraph_api_version=0.12.2 max=1 thread_name=asyncio_1
2026-08-10T18:48:16.775614Z [info     ] Queue stats                    [langgraph_runtime_inmem.queue] api_variant=local_dev langgraph_api_version=0.12.2 n_pending=0 n_running=0 pending_runs_wait_time_max_secs=None pending_runs_wait_time_med_secs=None pending_unblocked_runs_wait_time_max_secs=None thread_name=asyncio_0
2026-08-10T18:49:11.468818Z [info     ] Worker stats                   [langgraph_api.metrics_collector] active=0 api_variant=local_dev available=1 langgraph_api_version=0.12.2 max=1 thread_name=asyncio_2
2026-08-10T18:49:16.299959Z [info     ] Worker stats                   [langgraph_runtime_inmem.queue] active=0 api_variant=local_dev available=1 langgraph_api_version=0.12.2 max=1 thread_name=asyncio_1
2026-08-10T18:49:16.805539Z [info     ] Queue stats                    [langgraph_runtime_inmem.queue] api_variant=local_dev langgraph_api_version=0.12.2 n_pending=0 n_running=0 pending_runs_wait_time_max_secs=None pending_runs_wait_time_med_secs=None pending_unblocked_runs_wait_time_max_secs=None thread_name=asyncio_0
2026-08-10T18:50:11.479327Z [info     ] Worker stats                   [langgraph_api.metrics_collector] active=0 api_variant=local_dev available=1 langgraph_api_version=0.12.2 max=1 thread_name=asyncio_2
2026-08-10T18:50:16.747076Z [info     ] Worker stats                   [langgraph_runtime_inmem.queue] active=0 api_variant=local_dev available=1 langgraph_api_version=0.12.2 max=1 thread_name=asyncio_1
2026-08-10T18:50:17.258679Z [info     ] Queue stats                    [langgraph_runtime_inmem.queue] api_variant=local_dev langgraph_api_version=0.12.2 n_pending=0 n_running=0 pending_runs_wait_time_max_secs=None pending_runs_wait_time_med_secs=None pending_unblocked_runs_wait_time_max_secs=None thread_name=asyncio_0
2026-08-10T18:51:11.489923Z [info     ] Worker stats                   [langgraph_api.metrics_collector] active=0 api_variant=local_dev available=1 langgraph_api_version=0.12.2 max=1 thread_name=asyncio_2
2026-08-10T18:51:16.794784Z [info     ] Worker stats                   [langgraph_runtime_inmem.queue] active=0 api_variant=local_dev available=1 langgraph_api_version=0.12.2 max=1 thread_name=asyncio_1
2026-08-10T18:51:17.310013Z [info     ] Queue stats                    [langgraph_runtime_inmem.queue] api_variant=local_dev langgraph_api_version=0.12.2 n_pending=0 n_running=0 pending_runs_wait_time_max_secs=None pending_runs_wait_time_med_secs=None pending_unblocked_runs_wait_time_max_secs=None thread_name=asyncio_0
2026-08-10T18:52:11.504650Z [info     ] Worker stats                   [langgraph_api.metrics_collector] active=0 api_variant=local_dev available=1 langgraph_api_version=0.12.2 max=1 thread_name=asyncio_2
2026-08-10T18:52:16.967624Z [info     ] Worker stats                   [langgraph_runtime_inmem.queue] active=0 api_variant=local_dev available=1 langgraph_api_version=0.12.2 max=1 thread_name=asyncio_1
2026-08-10T18:52:17.480953Z [info     ] Queue stats                    [langgraph_runtime_inmem.queue] api_variant=local_dev langgraph_api_version=0.12.2 n_pending=0 n_running=0 pending_runs_wait_time_max_secs=None pending_runs_wait_time_med_secs=None pending_unblocked_runs_wait_time_max_secs=None thread_name=asyncio_0
2026-08-10T18:52:19.219604Z [info     ] HTTP Request: POST https://api.smith.langchain.com/v1/metadata/submit "HTTP/1.1 204 No Content" [httpx] api_variant=local_dev langgraph_api_version=0.12.2 thread_name=MainThread
2026-08-10T18:52:19.224304Z [info     ] Successfully submitted metadata to LangSmith instance [langgraph_api.metadata] api_variant=local_dev langgraph_api_version=0.12.2 n_nodes=0 n_runs=0 thread_name=MainThread
2026-08-10T18:53:11.519320Z [info     ] Worker stats                   [langgraph_api.metrics_collector] active=0 api_variant=local_dev available=1 langgraph_api_version=0.12.2 max=1 thread_name=asyncio_1
2026-08-10T18:53:17.271021Z [info     ] Worker stats                   [langgraph_runtime_inmem.queue] active=0 api_variant=local_dev available=1 langgraph_api_version=0.12.2 max=1 thread_name=asyncio_0
2026-08-10T18:53:17.783629Z [info     ] Queue stats                    [langgraph_runtime_inmem.queue] api_variant=local_dev langgraph_api_version=0.12.2 n_pending=0 n_running=0 pending_runs_wait_time_max_secs=None pending_runs_wait_time_med_secs=None pending_unblocked_runs_wait_time_max_secs=None thread_name=asyncio_2
2026-08-10T18:54:11.530505Z [info     ] Worker stats                   [langgraph_api.metrics_collector] active=0 api_variant=local_dev available=1 langgraph_api_version=0.12.2 max=1 thread_name=asyncio_1
2026-08-10T18:54:17.537961Z [info     ] Worker stats                   [langgraph_runtime_inmem.queue] active=0 api_variant=local_dev available=1 langgraph_api_version=0.12.2 max=1 thread_name=asyncio_0
2026-08-10T18:54:18.049178Z [info     ] Queue stats                    [langgraph_runtime_inmem.queue] api_variant=local_dev langgraph_api_version=0.12.2 n_pending=0 n_running=0 pending_runs_wait_time_max_secs=None pending_runs_wait_time_med_secs=None pending_unblocked_runs_wait_time_max_secs=None thread_name=asyncio_2
2026-08-10T18:55:11.538278Z [info     ] Worker stats                   [langgraph_api.metrics_collector] active=0 api_variant=local_dev available=1 langgraph_api_version=0.12.2 max=1 thread_name=asyncio_1
2026-08-10T18:55:17.829523Z [info     ] Worker stats                   [langgraph_runtime_inmem.queue] active=0 api_variant=local_dev available=1 langgraph_api_version=0.12.2 max=1 thread_name=asyncio_0
2026-08-10T18:55:18.355477Z [info     ] Queue stats                    [langgraph_runtime_inmem.queue] api_variant=local_dev langgraph_api_version=0.12.2 n_pending=0 n_running=0 pending_runs_wait_time_max_secs=None pending_runs_wait_time_med_secs=None pending_unblocked_runs_wait_time_max_secs=None thread_name=asyncio_2
2026-08-10T18:56:11.550111Z [info     ] Worker stats                   [langgraph_api.metrics_collector] active=0 api_variant=local_dev available=1 langgraph_api_version=0.12.2 max=1 thread_name=asyncio_1
2026-08-10T18:56:17.986945Z [info     ] Worker stats                   [langgraph_runtime_inmem.queue] active=0 api_variant=local_dev available=1 langgraph_api_version=0.12.2 max=1 thread_name=asyncio_0
2026-08-10T18:56:18.501070Z [info     ] Queue stats                    [langgraph_runtime_inmem.queue] api_variant=local_dev langgraph_api_version=0.12.2 n_pending=0 n_running=0 pending_runs_wait_time_max_secs=None pending_runs_wait_time_med_secs=None pending_unblocked_runs_wait_time_max_secs=None thread_name=asyncio_2
2026-08-10T18:57:11.566802Z [info     ] Worker stats                   [langgraph_api.metrics_collector] active=0 api_variant=local_dev available=1 langgraph_api_version=0.12.2 max=1 thread_name=asyncio_1
2026-08-10T18:57:18.264397Z [info     ] Worker stats                   [langgraph_runtime_inmem.queue] active=0 api_variant=local_dev available=1 langgraph_api_version=0.12.2 max=1 thread_name=asyncio_0
2026-08-10T18:57:18.778296Z [info     ] Queue stats                    [langgraph_runtime_inmem.queue] api_variant=local_dev langgraph_api_version=0.12.2 n_pending=0 n_running=0 pending_runs_wait_time_max_secs=None pending_runs_wait_time_med_secs=None pending_unblocked_runs_wait_time_max_secs=None thread_name=asyncio_2
2026-08-10T18:57:19.525424Z [info     ] HTTP Request: POST https://api.smith.langchain.com/v1/metadata/submit "HTTP/1.1 204 No Content" [httpx] api_variant=local_dev langgraph_api_version=0.12.2 thread_name=MainThread
2026-08-10T18:57:19.528150Z [info     ] Successfully submitted metadata to LangSmith instance [langgraph_api.metadata] api_variant=local_dev langgraph_api_version=0.12.2 n_nodes=0 n_runs=0 thread_name=MainThread
2026-08-10T18:58:11.580422Z [info     ] Worker stats                   [langgraph_api.metrics_collector] active=0 api_variant=local_dev available=1 langgraph_api_version=0.12.2 max=1 thread_name=asyncio_0
2026-08-10T18:58:18.519524Z [info     ] Worker stats                   [langgraph_runtime_inmem.queue] active=0 api_variant=local_dev available=1 langgraph_api_version=0.12.2 max=1 thread_name=asyncio_2
2026-08-10T18:58:19.036342Z [info     ] Queue stats                    [langgraph_runtime_inmem.queue] api_variant=local_dev langgraph_api_version=0.12.2 n_pending=0 n_running=0 pending_runs_wait_time_max_secs=None pending_runs_wait_time_med_secs=None pending_unblocked_runs_wait_time_max_secs=None thread_name=asyncio_1
2026-08-10T18:59:11.591361Z [info     ] Worker stats                   [langgraph_api.metrics_collector] active=0 api_variant=local_dev available=1 langgraph_api_version=0.12.2 max=1 thread_name=asyncio_0
2026-08-10T18:59:18.923262Z [info     ] Worker stats                   [langgraph_runtime_inmem.queue] active=0 api_variant=local_dev available=1 langgraph_api_version=0.12.2 max=1 thread_name=asyncio_2
2026-08-10T18:59:19.440491Z [info     ] Queue stats                    [langgraph_runtime_inmem.queue] api_variant=local_dev langgraph_api_version=0.12.2 n_pending=0 n_running=0 pending_runs_wait_time_max_secs=None pending_runs_wait_time_med_secs=None pending_unblocked_runs_wait_time_max_secs=None thread_name=asyncio_1
2026-08-10T19:00:11.601843Z [info     ] Worker stats                   [langgraph_api.metrics_collector] active=0 api_variant=local_dev available=1 langgraph_api_version=0.12.2 max=1 thread_name=asyncio_0
2026-08-10T19:00:19.210526Z [info     ] Worker stats                   [langgraph_runtime_inmem.queue] active=0 api_variant=local_dev available=1 langgraph_api_version=0.12.2 max=1 thread_name=asyncio_2
2026-08-10T19:00:19.726148Z [info     ] Queue stats                    [langgraph_runtime_inmem.queue] api_variant=local_dev langgraph_api_version=0.12.2 n_pending=0 n_running=0 pending_runs_wait_time_max_secs=None pending_runs_wait_time_med_secs=None pending_unblocked_runs_wait_time_max_secs=None thread_name=asyncio_1
2026-08-10T19:01:11.618136Z [info     ] Worker stats                   [langgraph_api.metrics_collector] active=0 api_variant=local_dev available=1 langgraph_api_version=0.12.2 max=1 thread_name=asyncio_0
2026-08-10T19:01:19.694392Z [info     ] Worker stats                   [langgraph_runtime_inmem.queue] active=0 api_variant=local_dev available=1 langgraph_api_version=0.12.2 max=1 thread_name=asyncio_2
2026-08-10T19:01:20.211365Z [info     ] Queue stats                    [langgraph_runtime_inmem.queue] api_variant=local_dev langgraph_api_version=0.12.2 n_pending=0 n_running=0 pending_runs_wait_time_max_secs=None pending_runs_wait_time_med_secs=None pending_unblocked_runs_wait_time_max_secs=None thread_name=asyncio_1
2026-08-10T19:02:11.636131Z [info     ] Worker stats                   [langgraph_api.metrics_collector] active=0 api_variant=local_dev available=1 langgraph_api_version=0.12.2 max=1 thread_name=asyncio_0
2026-08-10T19:02:19.853816Z [info     ] HTTP Request: POST https://api.smith.langchain.com/v1/metadata/submit "HTTP/1.1 204 No Content" [httpx] api_variant=local_dev langgraph_api_version=0.12.2 thread_name=MainThread
2026-08-10T19:02:19.862256Z [info     ] Successfully submitted metadata to LangSmith instance [langgraph_api.metadata] api_variant=local_dev langgraph_api_version=0.12.2 n_nodes=0 n_runs=0 thread_name=MainThread
2026-08-10T19:02:20.205553Z [info     ] Worker stats                   [langgraph_runtime_inmem.queue] active=0 api_variant=local_dev available=1 langgraph_api_version=0.12.2 max=1 thread_name=asyncio_1
2026-08-10T19:02:20.719026Z [info     ] Queue stats                    [langgraph_runtime_inmem.queue] api_variant=local_dev langgraph_api_version=0.12.2 n_pending=0 n_running=0 pending_runs_wait_time_max_secs=None pending_runs_wait_time_med_secs=None pending_unblocked_runs_wait_time_max_secs=None thread_name=asyncio_0
2026-08-10T19:03:18.971028Z [info     ] Worker stats                   [langgraph_api.metrics_collector] active=0 api_variant=local_dev available=1 langgraph_api_version=0.12.2 max=1 thread_name=asyncio_2
2026-08-10T19:03:20.501802Z [info     ] Worker stats                   [langgraph_runtime_inmem.queue] active=0 api_variant=local_dev available=1 langgraph_api_version=0.12.2 max=1 thread_name=asyncio_1
2026-08-10T19:03:21.030101Z [info     ] Queue stats                    [langgraph_runtime_inmem.queue] api_variant=local_dev langgraph_api_version=0.12.2 n_pending=0 n_running=0 pending_runs_wait_time_max_secs=None pending_runs_wait_time_med_secs=None pending_unblocked_runs_wait_time_max_secs=None thread_name=asyncio_0
2026-08-10T19:11:06.618834Z [info     ] Worker stats                   [langgraph_runtime_inmem.queue] active=0 api_variant=local_dev available=1 langgraph_api_version=0.12.2 max=1 thread_name=asyncio_2
2026-08-10T19:11:06.621822Z [info     ] Worker stats                   [langgraph_api.metrics_collector] active=0 api_variant=local_dev available=1 langgraph_api_version=0.12.2 max=1 thread_name=asyncio_1
2026-08-10T19:11:07.294890Z [info     ] Queue stats                    [langgraph_runtime_inmem.queue] api_variant=local_dev langgraph_api_version=0.12.2 n_pending=0 n_running=0 pending_runs_wait_time_max_secs=None pending_runs_wait_time_med_secs=None pending_unblocked_runs_wait_time_max_secs=None thread_name=asyncio_2
2026-08-10T19:11:14.203129Z [warning  ] LangChain metadata submission failed. [langgraph_api.metadata] api_variant=local_dev error='[Errno 11001] getaddrinfo failed' langgraph_api_version=0.12.2 thread_name=asyncio_0
2026-08-10T19:11:14.214355Z [warning  ] All metadata submissions failed, will retry [langgraph_api.metadata] api_variant=local_dev attempted=['langchain'] failed=['langchain'] langgraph_api_version=0.12.2 thread_name=asyncio_1
2026-08-10T23:05:42.026483Z [info     ] Worker stats                   [langgraph_api.metrics_collector] active=0 api_variant=local_dev available=1 langgraph_api_version=0.12.2 max=1 thread_name=asyncio_0
2026-08-10T23:05:42.027008Z [info     ] Worker stats                   [langgraph_runtime_inmem.queue] active=0 api_variant=local_dev available=1 langgraph_api_version=0.12.2 max=1 thread_name=asyncio_2
2026-08-10T23:05:42.585367Z [info     ] Queue stats                    [langgraph_runtime_inmem.queue] api_variant=local_dev langgraph_api_version=0.12.2 n_pending=0 n_running=0 pending_runs_wait_time_max_secs=None pending_runs_wait_time_med_secs=None pending_unblocked_runs_wait_time_max_secs=None thread_name=asyncio_0
2026-08-10T23:06:04.230713Z [info     ] HTTP Request: POST https://api.smith.langchain.com/v1/metadata/submit "HTTP/1.1 204 No Content" [httpx] api_variant=local_dev langgraph_api_version=0.12.2 thread_name=MainThread
2026-08-10T23:06:04.237319Z [info     ] Successfully submitted metadata to LangSmith instance [langgraph_api.metadata] api_variant=local_dev langgraph_api_version=0.12.2 n_nodes=0 n_runs=0 thread_name=MainThread
2026-08-11T11:43:28.547489Z [info     ] Worker stats                   [langgraph_api.metrics_collector] active=0 api_variant=local_dev available=1 langgraph_api_version=0.12.2 max=1 thread_name=asyncio_0
2026-08-11T11:43:28.547960Z [info     ] Worker stats                   [langgraph_runtime_inmem.queue] active=0 api_variant=local_dev available=1 langgraph_api_version=0.12.2 max=1 thread_name=asyncio_2
2026-08-11T11:43:29.893678Z [info     ] Queue stats                    [langgraph_runtime_inmem.queue] api_variant=local_dev langgraph_api_version=0.12.2 n_pending=0 n_running=0 pending_runs_wait_time_max_secs=None pending_runs_wait_time_med_secs=None pending_unblocked_runs_wait_time_max_secs=None thread_name=asyncio_1
2026-08-11T11:43:50.862983Z [info     ] HTTP Request: POST https://api.smith.langchain.com/v1/metadata/submit "HTTP/1.1 204 No Content" [httpx] api_variant=local_dev langgraph_api_version=0.12.2 thread_name=MainThread
2026-08-11T11:43:50.882347Z [info     ] Successfully submitted metadata to LangSmith instance [langgraph_api.metadata] api_variant=local_dev langgraph_api_version=0.12.2 n_nodes=0 n_runs=0 thread_name=MainThread
2026-08-11T11:44:28.800480Z [info     ] Worker stats                   [langgraph_runtime_inmem.queue] active=0 api_variant=local_dev available=1 langgraph_api_version=0.12.2 max=1 thread_name=asyncio_0
2026-08-11T11:44:29.327388Z [info     ] Queue stats                    [langgraph_runtime_inmem.queue] api_variant=local_dev langgraph_api_version=0.12.2 n_pending=0 n_running=0 pending_runs_wait_time_max_secs=None pending_runs_wait_time_med_secs=None pending_unblocked_runs_wait_time_max_secs=None thread_name=asyncio_2
2026-08-11T11:44:29.345235Z [info     ] Worker stats                   [langgraph_api.metrics_collector] active=0 api_variant=local_dev available=1 langgraph_api_version=0.12.2 max=1 thread_name=asyncio_1
2026-08-11T11:45:28.895077Z [info     ] Worker stats                   [langgraph_runtime_inmem.queue] active=0 api_variant=local_dev available=1 langgraph_api_version=0.12.2 max=1 thread_name=asyncio_0
2026-08-11T11:45:29.368629Z [info     ] Worker stats                   [langgraph_api.metrics_collector] active=0 api_variant=local_dev available=1 langgraph_api_version=0.12.2 max=1 thread_name=asyncio_2
2026-08-11T11:45:29.430678Z [info     ] Queue stats                    [langgraph_runtime_inmem.queue] api_variant=local_dev langgraph_api_version=0.12.2 n_pending=0 n_running=0 pending_runs_wait_time_max_secs=None pending_runs_wait_time_med_secs=None pending_unblocked_runs_wait_time_max_secs=None thread_name=asyncio_1
2026-08-11T11:46:29.238764Z [info     ] Worker stats                   [langgraph_runtime_inmem.queue] active=0 api_variant=local_dev available=1 langgraph_api_version=0.12.2 max=1 thread_name=asyncio_0
2026-08-11T11:46:29.393517Z [info     ] Worker stats                   [langgraph_api.metrics_collector] active=0 api_variant=local_dev available=1 langgraph_api_version=0.12.2 max=1 thread_name=asyncio_2
2026-08-11T11:46:29.751486Z [info     ] Queue stats                    [langgraph_runtime_inmem.queue] api_variant=local_dev langgraph_api_version=0.12.2 n_pending=0 n_running=0 pending_runs_wait_time_max_secs=None pending_runs_wait_time_med_secs=None pending_unblocked_runs_wait_time_max_secs=None thread_name=asyncio_1
2026-08-11T11:47:29.413693Z [info     ] Worker stats                   [langgraph_api.metrics_collector] active=0 api_variant=local_dev available=1 langgraph_api_version=0.12.2 max=1 thread_name=asyncio_0
2026-08-11T11:47:29.552832Z [info     ] Worker stats                   [langgraph_runtime_inmem.queue] active=0 api_variant=local_dev available=1 langgraph_api_version=0.12.2 max=1 thread_name=asyncio_2
2026-08-11T11:47:30.081000Z [info     ] Queue stats                    [langgraph_runtime_inmem.queue] api_variant=local_dev langgraph_api_version=0.12.2 n_pending=0 n_running=0 pending_runs_wait_time_max_secs=None pending_runs_wait_time_med_secs=None pending_unblocked_runs_wait_time_max_secs=None thread_name=asyncio_1
2026-08-11T11:48:29.432919Z [info     ] Worker stats                   [langgraph_api.metrics_collector] active=0 api_variant=local_dev available=1 langgraph_api_version=0.12.2 max=1 thread_name=asyncio_0
2026-08-11T11:48:29.805234Z [info     ] Worker stats                   [langgraph_runtime_inmem.queue] active=0 api_variant=local_dev available=1 langgraph_api_version=0.12.2 max=1 thread_name=asyncio_2
2026-08-11T11:48:30.319129Z [info     ] Queue stats                    [langgraph_runtime_inmem.queue] api_variant=local_dev langgraph_api_version=0.12.2 n_pending=0 n_running=0 pending_runs_wait_time_max_secs=None pending_runs_wait_time_med_secs=None pending_unblocked_runs_wait_time_max_secs=None thread_name=asyncio_1
2026-08-11T11:48:52.296652Z [info     ] HTTP Request: POST https://api.smith.langchain.com/v1/metadata/submit "HTTP/1.1 204 No Content" [httpx] api_variant=local_dev langgraph_api_version=0.12.2 thread_name=MainThread
2026-08-11T11:48:52.304384Z [info     ] Successfully submitted metadata to LangSmith instance [langgraph_api.metadata] api_variant=local_dev langgraph_api_version=0.12.2 n_nodes=0 n_runs=0 thread_name=MainThread
2026-08-11T11:49:29.456448Z [info     ] Worker stats                   [langgraph_api.metrics_collector] active=0 api_variant=local_dev available=1 langgraph_api_version=0.12.2 max=1 thread_name=asyncio_2
2026-08-11T11:49:29.906759Z [info     ] Worker stats                   [langgraph_runtime_inmem.queue] active=0 api_variant=local_dev available=1 langgraph_api_version=0.12.2 max=1 thread_name=asyncio_1
2026-08-11T11:49:30.435947Z [info     ] Queue stats                    [langgraph_runtime_inmem.queue] api_variant=local_dev langgraph_api_version=0.12.2 n_pending=0 n_running=0 pending_runs_wait_time_max_secs=None pending_runs_wait_time_med_secs=None pending_unblocked_runs_wait_time_max_secs=None thread_name=asyncio_0
2026-08-11T11:50:29.474313Z [info     ] Worker stats                   [langgraph_api.metrics_collector] active=0 api_variant=local_dev available=1 langgraph_api_version=0.12.2 max=1 thread_name=asyncio_2
2026-08-11T11:50:30.178988Z [info     ] Worker stats                   [langgraph_runtime_inmem.queue] active=0 api_variant=local_dev available=1 langgraph_api_version=0.12.2 max=1 thread_name=asyncio_1
2026-08-11T11:50:30.691001Z [info     ] Queue stats                    [langgraph_runtime_inmem.queue] api_variant=local_dev langgraph_api_version=0.12.2 n_pending=0 n_running=0 pending_runs_wait_time_max_secs=None pending_runs_wait_time_med_secs=None pending_unblocked_runs_wait_time_max_secs=None thread_name=asyncio_0
2026-08-11T11:50:37.156937Z [info     ] Created run                    [langgraph_api.models.run] after_seconds=0 api_variant=local_dev assistant_id=b08707c5-4755-5e10-8123-bb9da10d4f46 checkpoint_id=None if_not_exists=reject langgraph_api_version=0.12.2 method=POST multitask_strategy=enqueue path=/threads/{thread_id}/runs/wait request_id=275930e1-b180-45cb-9157-3045caeee7b9 run_create_ms=90 run_id=019ff0a9-0715-7453-b85e-d521745d0f3c run_put_ms=57 stream_mode=['values'] stream_resumable=False temporary=False thread_id=019ff0a9-05dc-7782-be64-d4da98775978 thread_name=MainThread
2026-08-11T11:50:37.881560Z [info     ] Starting background run        [langgraph_api.worker] api_variant=local_dev assistant_id=b08707c5-4755-5e10-8123-bb9da10d4f46 graph_id=test_case_pipeline langgraph_api_version=0.12.2 request_id=275930e1-b180-45cb-9157-3045caeee7b9 resumable=False run_attempt=1 run_creation_ms=82 run_id=019ff0a9-0715-7453-b85e-d521745d0f3c run_queue_ms=725 run_started_at=2026-08-11T11:50:37.873976+00:00 run_stream_start_ms=6 temporary=False thread_id=019ff0a9-05dc-7782-be64-d4da98775978 thread_name=asyncio_2
2026-08-11T11:50:58.075808Z [info     ] HTTP Request: POST https://api.openai.com/v1/chat/completions "HTTP/1.1 200 OK" [httpx] api_variant=local_dev assistant_id=b08707c5-4755-5e10-8123-bb9da10d4f46 graph_id=test_case_pipeline langgraph_api_version=0.12.2 langgraph_node=pattern_scoring request_id=275930e1-b180-45cb-9157-3045caeee7b9 run_attempt=1 run_id=019ff0a9-0715-7453-b85e-d521745d0f3c thread_id=019ff0a9-05dc-7782-be64-d4da98775978 thread_name=asyncio_2
2026-08-11T11:50:58.115332Z [info     ] Pattern conformance score for feature 'AHA-205': divergent - The ticket lacks a meaningful description and does not provide any acceptance criteria, making it impossible to generate reliable test cases. [app.nodes.pattern_scoring] api_variant=local_dev assistant_id=b08707c5-4755-5e10-8123-bb9da10d4f46 graph_id=test_case_pipeline langgraph_api_version=0.12.2 langgraph_node=pattern_scoring request_id=275930e1-b180-45cb-9157-3045caeee7b9 run_attempt=1 run_id=019ff0a9-0715-7453-b85e-d521745d0f3c thread_id=019ff0a9-05dc-7782-be64-d4da98775978 thread_name=asyncio_2
2026-08-11T11:50:58.219763Z [info     ] Background run succeeded       [langgraph_api.worker] api_variant=local_dev assistant_id=b08707c5-4755-5e10-8123-bb9da10d4f46 graph_id=test_case_pipeline langgraph_api_version=0.12.2 request_id=275930e1-b180-45cb-9157-3045caeee7b9 run_attempt=1 run_completed_in_ms=21153 run_created_at=2026-08-11T11:50:37.148713+00:00 run_ended_at=2026-08-11T11:50:58.219564+00:00 run_exec_ms=20345 run_id=019ff0a9-0715-7453-b85e-d521745d0f3c run_started_at=2026-08-11T11:50:37.873976+00:00 run_wait_time_ms=725 thread_id=019ff0a9-05dc-7782-be64-d4da98775978 thread_name=asyncio_2
